store_id,data,previsao_revenue,previsao_default,revenue_2018,coeficiente_anual
S0002,2019-10-01,740.23,745.02,596.58,143.65
S0002,2019-10-02,558.73,518.36,415.08,143.65
S0002,2019-10-03,579.91,544.81,436.26,143.65
S0002,2019-10-04,669.78,657.04,526.13,143.65
S0002,2019-10-05,654.76,638.28,511.11,143.65
S0002,2019-10-06,1018.3,1092.28,874.65,143.65
S0002,2019-10-07,526.31,477.87,382.66,143.65
S0002,2019-10-08,1079.33,1168.5,935.68,143.65
S0002,2019-10-09,719.08,718.61,575.43,143.65
S0002,2019-10-10,495.65,439.58,352.0,143.65
S0002,2019-10-11,444.18,375.31,300.53,143.65
S0002,2019-10-12,1237.62,1366.17,1093.97,143.65
S0002,2019-10-13,963.28,1023.57,819.63,143.65
S0002,2019-10-14,826.37,852.59,682.72,143.65
S0002,2019-10-15,664.38,650.3,520.73,143.65
S0002,2019-10-16,682.83,673.34,539.18,143.65
S0002,2019-10-17,503.48,449.36,359.83,143.65
S0002,2019-10-18,530.71,483.37,387.06,143.65
S0002,2019-10-19,712.54,710.44,568.89,143.65
S0002,2019-10-20,723.4,724.0,579.75,143.65
S0002,2019-10-21,435.69,364.71,292.04,143.65
S0002,2019-10-22,419.79,344.85,276.14,143.65
S0002,2019-10-23,482.09,422.65,338.44,143.65
S0002,2019-10-24,444.88,376.18,301.23,143.65
S0002,2019-10-25,523.34,474.16,379.69,143.65
S0002,2019-10-26,596.36,565.35,452.71,143.65
S0002,2019-10-27,691.96,684.74,548.31,143.65
S0002,2019-10-28,562.34,522.87,418.69,143.65
S0002,2019-10-29,517.4,466.75,373.75,143.65
S0002,2019-10-30,340.39,245.69,196.74,143.65
S0002,2019-10-31,604.0,574.89,460.35,143.65
S0010,2019-10-01,492.54,543.49,435.2,57.34
S0010,2019-10-02,527.43,587.06,470.09,57.34
S0010,2019-10-03,284.86,284.13,227.52,57.34
S0010,2019-10-04,369.03,389.24,311.69,57.34
S0010,2019-10-05,502.66,556.12,445.32,57.34
S0010,2019-10-06,524.57,583.49,467.23,57.34
S0010,2019-10-07,473.02,519.11,415.68,57.34
S0010,2019-10-08,426.54,461.06,369.2,57.34
S0010,2019-10-09,544.04,607.8,486.7,57.34
S0010,2019-10-10,625.62,709.68,568.28,57.34
S0010,2019-10-11,404.04,432.97,346.7,57.34
S0010,2019-10-12,616.49,698.28,559.15,57.34
S0010,2019-10-13,417.04,449.2,359.7,57.34
S0010,2019-10-14,536.45,598.32,479.11,57.34
S0010,2019-10-15,316.41,323.53,259.07,57.34
S0010,2019-10-16,426.49,461.0,369.15,57.34
S0010,2019-10-17,359.02,376.74,301.68,57.34
S0010,2019-10-18,362.88,381.56,305.54,57.34
S0010,2019-10-19,501.16,554.25,443.82,57.34
S0010,2019-10-20,539.19,601.74,481.85,57.34
S0010,2019-10-21,565.83,635.01,508.49,57.34
S0010,2019-10-22,366.06,385.54,308.72,57.34
S0010,2019-10-23,375.45,397.26,318.11,57.34
S0010,2019-10-24,391.15,416.87,333.81,57.34
S0010,2019-10-25,323.52,332.41,266.18,57.34
S0010,2019-10-26,619.65,702.22,562.31,57.34
S0010,2019-10-27,510.65,566.1,453.31,57.34
S0010,2019-10-28,311.22,317.05,253.88,57.34
S0010,2019-10-29,364.26,383.29,306.92,57.34
S0010,2019-10-30,269.89,265.44,212.55,57.34
S0010,2019-10-31,440.72,478.77,383.38,57.34
S0012,2019-10-01,389.96,413.46,331.08,58.88
S0012,2019-10-02,429.64,463.01,370.76,58.88
S0012,2019-10-03,427.31,460.1,368.43,58.88
S0012,2019-10-04,236.72,222.09,177.84,58.88
S0012,2019-10-05,280.04,276.19,221.16,58.88
S0012,2019-10-06,180.3,151.63,121.42,58.88
S0012,2019-10-07,308.88,312.2,250.0,58.88
S0012,2019-10-08,531.1,589.72,472.22,58.88
S0012,2019-10-09,254.8,244.67,195.92,58.88
S0012,2019-10-10,308.18,311.33,249.3,58.88
S0012,2019-10-11,285.6,283.13,226.72,58.88
S0012,2019-10-12,610.42,688.77,551.54,58.88
S0012,2019-10-13,254.49,244.28,195.61,58.88
S0012,2019-10-14,298.49,299.23,239.61,58.88
S0012,2019-10-15,312.71,316.99,253.83,58.88
S0012,2019-10-16,229.51,213.09,170.63,58.88
S0012,2019-10-17,381.93,403.43,323.05,58.88
S0012,2019-10-18,241.7,228.31,182.82,58.88
S0012,2019-10-19,476.27,521.24,417.39,58.88
S0012,2019-10-20,194.21,169.0,135.33,58.88
S0012,2019-10-21,389.15,412.45,330.27,58.88
S0012,2019-10-22,246.4,234.18,187.52,58.88
S0012,2019-10-23,223.91,206.09,165.03,58.88
S0012,2019-10-24,624.18,705.96,565.3,58.88
S0012,2019-10-25,219.34,200.39,160.46,58.88
S0012,2019-10-26,221.21,202.72,162.33,58.88
S0012,2019-10-27,163.32,130.43,104.44,58.88
S0012,2019-10-28,214.35,194.15,155.47,58.88
S0012,2019-10-29,273.71,268.28,214.83,58.88
S0012,2019-10-30,219.99,201.2,161.11,58.88
S0012,2019-10-31,143.08,105.15,84.2,58.88
S0015,2019-10-01,492.92,505.09,404.45,88.47
S0015,2019-10-02,491.21,502.95,402.74,88.47
S0015,2019-10-03,422.5,417.14,334.03,88.47
S0015,2019-10-04,498.24,511.73,409.77,88.47
S0015,2019-10-05,503.31,518.06,414.84,88.47
S0015,2019-10-06,615.76,658.49,527.29,88.47
S0015,2019-10-07,375.95,359.01,287.48,88.47
S0015,2019-10-08,434.65,432.32,346.18,88.47
S0015,2019-10-09,362.4,342.09,273.93,88.47
S0015,2019-10-10,408.86,400.11,320.39,88.47
S0015,2019-10-11,373.82,356.35,285.35,88.47
S0015,2019-10-12,613.63,655.83,525.16,88.47
S0015,2019-10-13,515.22,532.93,426.75,88.47
S0015,2019-10-14,335.56,308.57,247.09,88.47
S0015,2019-10-15,453.09,455.34,364.62,88.47
S0015,2019-10-16,413.27,405.62,324.8,88.47
S0015,2019-10-17,419.26,413.1,330.79,88.47
S0015,2019-10-18,476.38,484.43,387.91,88.47
S0015,2019-10-19,531.64,553.44,443.17,88.47
S0015,2019-10-20,403.8,393.79,315.33,88.47
S0015,2019-10-21,397.24,385.6,308.77,88.47
S0015,2019-10-22,441.48,440.85,353.01,88.47
S0015,2019-10-23,418.23,411.81,329.76,88.47
S0015,2019-10-24,458.46,462.05,369.99,88.47
S0015,2019-10-25,265.6,221.2,177.13,88.47
S0015,2019-10-26,562.67,592.19,474.2,88.47
S0015,2019-10-27,553.42,580.64,464.95,88.47
S0015,2019-10-28,630.57,676.99,542.1,88.47
S0015,2019-10-29,459.51,463.36,371.04,88.47
S0015,2019-10-30,452.0,453.98,363.53,88.47
S0015,2019-10-31,407.88,398.89,319.41,88.47
S0020,2019-10-01,1115.7,1113.57,891.7,224.0
S0020,2019-10-02,851.83,784.05,627.83,224.0
S0020,2019-10-03,794.98,713.05,570.98,224.0
S0020,2019-10-04,1169.03,1180.17,945.03,224.0
S0020,2019-10-05,1385.12,1450.03,1161.12,224.0
S0020,2019-10-06,1502.1,1596.12,1278.1,224.0
S0020,2019-10-07,1222.91,1247.46,998.91,224.0
S0020,2019-10-08,1221.73,1245.98,997.73,224.0
S0020,2019-10-09,970.44,932.17,746.44,224.0
S0020,2019-10-10,1131.82,1133.7,907.82,224.0
S0020,2019-10-11,1230.31,1256.7,1006.31,224.0
S0020,2019-10-12,1681.46,1820.1,1457.46,224.0
S0020,2019-10-13,1682.46,1821.35,1458.46,224.0
S0020,2019-10-14,1317.21,1365.22,1093.21,224.0
S0020,2019-10-15,1191.15,1207.8,967.15,224.0
S0020,2019-10-16,1253.91,1286.17,1029.91,224.0
S0020,2019-10-17,964.0,924.13,740.0,224.0
S0020,2019-10-18,1147.21,1152.92,923.21,224.0
S0020,2019-10-19,1789.24,1954.7,1565.24,224.0
S0020,2019-10-20,1320.95,1369.89,1096.95,224.0
S0020,2019-10-21,943.81,898.91,719.81,224.0
S0020,2019-10-22,967.11,928.01,743.11,224.0
S0020,2019-10-23,1048.59,1029.76,824.59,224.0
S0020,2019-10-24,924.31,874.56,700.31,224.0
S0020,2019-10-25,856.06,789.33,632.06,224.0
S0020,2019-10-26,1086.39,1076.97,862.39,224.0
S0020,2019-10-27,1352.56,1409.37,1128.56,224.0
S0020,2019-10-28,1182.64,1197.17,958.64,224.0
S0020,2019-10-29,941.15,895.59,717.15,224.0
S0020,2019-10-30,935.61,888.67,711.61,224.0
S0020,2019-10-31,1028.19,1004.29,804.19,224.0
S0023,2019-10-01,380.19,326.95,261.81,118.38
S0023,2019-10-02,483.5,455.97,365.12,118.38
S0023,2019-10-03,708.96,737.53,590.58,118.38
S0023,2019-10-04,522.44,504.6,404.06,118.38
S0023,2019-10-05,553.18,542.99,434.8,118.38
S0023,2019-10-06,635.74,646.09,517.36,118.38
S0023,2019-10-07,770.8,814.75,652.42,118.38
S0023,2019-10-08,488.4,462.09,370.02,118.38
S0023,2019-10-09,861.29,927.76,742.91,118.38
S0023,2019-10-10,505.66,483.64,387.28,118.38
S0023,2019-10-11,592.39,591.95,474.01,118.38
S0023,2019-10-12,632.03,641.46,513.65,118.38
S0023,2019-10-13,933.94,1018.49,815.56,118.38
S0023,2019-10-14,774.04,818.8,655.66,118.38
S0023,2019-10-15,700.02,726.36,581.64,118.38
S0023,2019-10-16,701.77,728.55,583.39,118.38
S0023,2019-10-17,425.96,384.11,307.58,118.38
S0023,2019-10-18,431.92,391.55,313.54,118.38
S0023,2019-10-19,693.69,718.46,575.31,118.38
S0023,2019-10-20,884.93,957.28,766.55,118.38
S0023,2019-10-21,543.44,530.82,425.06,118.38
S0023,2019-10-22,401.66,353.77,283.28,118.38
S0023,2019-10-23,509.57,488.53,391.19,118.38
S0023,2019-10-24,501.81,478.83,383.43,118.38
S0023,2019-10-25,963.9,1055.9,845.52,118.38
S0023,2019-10-26,529.97,514.0,411.59,118.38
S0023,2019-10-27,1105.9,1233.23,987.52,118.38
S0023,2019-10-28,555.25,545.57,436.87,118.38
S0023,2019-10-29,476.79,447.59,358.41,118.38
S0023,2019-10-30,516.99,497.79,398.61,118.38
S0023,2019-10-31,434.88,395.25,316.5,118.38
S0026,2019-10-01,1622.34,1705.95,1366.05,256.29
S0026,2019-10-02,1350.53,1366.51,1094.24,256.29
S0026,2019-10-03,1246.95,1237.16,990.66,256.29
S0026,2019-10-04,1366.29,1386.19,1110.0,256.29
S0026,2019-10-05,1776.16,1898.04,1519.87,256.29
S0026,2019-10-06,1759.31,1877.0,1503.02,256.29
S0026,2019-10-07,1636.82,1724.03,1380.53,256.29
S0026,2019-10-08,1504.56,1558.86,1248.27,256.29
S0026,2019-10-09,1682.02,1780.48,1425.73,256.29
S0026,2019-10-10,1490.55,1541.37,1234.26,256.29
S0026,2019-10-11,1319.57,1327.85,1063.28,256.29
S0026,2019-10-12,2407.55,2686.54,2151.26,256.29
S0026,2019-10-13,2225.21,2458.83,1968.92,256.29
S0026,2019-10-14,1477.03,1524.48,1220.74,256.29
S0026,2019-10-15,1496.46,1548.75,1240.17,256.29
S0026,2019-10-16,1546.3,1610.99,1290.01,256.29
S0026,2019-10-17,1260.45,1254.01,1004.16,256.29
S0026,2019-10-18,1456.31,1498.61,1200.02,256.29
S0026,2019-10-19,1828.11,1962.92,1571.82,256.29
S0026,2019-10-20,1673.3,1769.59,1417.01,256.29
S0026,2019-10-21,1203.72,1183.17,947.43,256.29
S0026,2019-10-22,1284.95,1284.61,1028.66,256.29
S0026,2019-10-23,1108.97,1064.84,852.68,256.29
S0026,2019-10-24,1254.22,1246.23,997.93,256.29
S0026,2019-10-25,1572.48,1643.68,1316.19,256.29
S0026,2019-10-26,1643.84,1732.8,1387.55,256.29
S0026,2019-10-27,1547.69,1612.73,1291.4,256.29
S0026,2019-10-28,1547.16,1612.06,1290.87,256.29
S0026,2019-10-29,1249.79,1240.7,993.5,256.29
S0026,2019-10-30,1272.98,1269.66,1016.69,256.29
S0026,2019-10-31,1361.68,1380.43,1105.39,256.29
S0038,2019-10-01,1321.52,1266.72,1014.33,307.19
S0038,2019-10-02,1395.66,1359.3,1088.47,307.19
S0038,2019-10-03,1095.6,984.58,788.41,307.19
S0038,2019-10-04,1318.79,1263.31,1011.6,307.19
S0038,2019-10-05,1879.43,1963.44,1572.24,307.19
S0038,2019-10-06,2545.85,2795.68,2238.66,307.19
S0038,2019-10-07,1333.93,1282.21,1026.74,307.19
S0038,2019-10-08,1193.79,1107.2,886.6,307.19
S0038,2019-10-09,1117.51,1011.94,810.32,307.19
S0038,2019-10-10,1248.61,1175.66,941.42,307.19
S0038,2019-10-11,1373.62,1331.78,1066.43,307.19
S0038,2019-10-12,2199.2,2362.78,1892.01,307.19
S0038,2019-10-13,2795.68,3107.68,2488.49,307.19
S0038,2019-10-14,1713.07,1755.69,1405.88,307.19
S0038,2019-10-15,1266.06,1197.46,958.87,307.19
S0038,2019-10-16,1020.99,891.41,713.8,307.19
S0038,2019-10-17,1034.33,908.07,727.14,307.19
S0038,2019-10-18,1666.45,1697.47,1359.26,307.19
S0038,2019-10-19,2391.3,2602.68,2084.11,307.19
S0038,2019-10-20,2340.85,2539.67,2033.66,307.19
S0038,2019-10-21,1173.22,1081.52,866.03,307.19
S0038,2019-10-22,1096.05,985.14,788.86,307.19
S0038,2019-10-23,957.03,811.53,649.84,307.19
S0038,2019-10-24,825.25,646.96,518.06,307.19
S0038,2019-10-25,1364.44,1320.31,1057.25,307.19
S0038,2019-10-26,2064.07,2194.03,1756.88,307.19
S0038,2019-10-27,1570.6,1577.77,1263.41,307.19
S0038,2019-10-28,1650.34,1677.35,1343.15,307.19
S0038,2019-10-29,1001.65,867.26,694.46,307.19
S0038,2019-10-30,1345.09,1296.15,1037.9,307.19
S0038,2019-10-31,1128.99,1026.28,821.8,307.19
S0040,2019-10-01,491.99,464.76,372.16,119.83
S0040,2019-10-02,514.89,493.36,395.06,119.83
S0040,2019-10-03,597.22,596.17,477.39,119.83
S0040,2019-10-04,494.13,467.43,374.3,119.83
S0040,2019-10-05,587.28,583.76,467.45,119.83
S0040,2019-10-06,777.32,821.09,657.49,119.83
S0040,2019-10-07,413.2,366.37,293.37,119.83
S0040,2019-10-08,1486.99,1707.34,1367.16,119.83
S0040,2019-10-09,931.45,1013.57,811.62,119.83
S0040,2019-10-10,899.14,973.22,779.31,119.83
S0040,2019-10-11,853.12,915.75,733.29,119.83
S0040,2019-10-12,1928.03,2258.12,1808.2,119.83
S0040,2019-10-13,619.46,623.95,499.63,119.83
S0040,2019-10-14,615.28,618.73,495.45,119.83
S0040,2019-10-15,678.96,698.25,559.13,119.83
S0040,2019-10-16,808.62,860.17,688.79,119.83
S0040,2019-10-17,769.06,810.77,649.23,119.83
S0040,2019-10-18,536.96,520.92,417.13,119.83
S0040,2019-10-19,715.22,743.53,595.39,119.83
S0040,2019-10-20,845.1,905.73,725.27,119.83
S0040,2019-10-21,599.87,599.48,480.04,119.83
S0040,2019-10-22,620.48,625.22,500.65,119.83
S0040,2019-10-23,418.85,373.42,299.02,119.83
S0040,2019-10-24,608.38,610.11,488.55,119.83
S0040,2019-10-25,353.13,291.35,233.3,119.83
S0040,2019-10-26,669.36,686.26,549.53,119.83
S0040,2019-10-27,862.98,928.06,743.15,119.83
S0040,2019-10-28,678.96,698.25,559.13,119.83
S0040,2019-10-29,350.64,288.24,230.81,119.83
S0040,2019-10-30,345.59,281.93,225.76,119.83
S0040,2019-10-31,473.52,441.7,353.69,119.83
S0045,2019-10-01,154.49,156.9,125.64,28.85
S0045,2019-10-02,185.83,196.04,156.98,28.85
S0045,2019-10-03,129.18,125.29,100.33,28.85
S0045,2019-10-04,141.81,141.07,112.96,28.85
S0045,2019-10-05,111.7,103.46,82.85,28.85
S0045,2019-10-06,89.39,75.6,60.54,28.85
S0045,2019-10-07,161.41,165.54,132.56,28.85
S0045,2019-10-08,256.33,284.08,227.48,28.85
S0045,2019-10-09,216.1,233.84,187.25,28.85
S0045,2019-10-10,128.74,124.74,99.89,28.85
S0045,2019-10-11,161.84,166.08,132.99,28.85
S0045,2019-10-12,446.74,521.87,417.89,28.85
S0045,2019-10-13,258.01,286.18,229.16,28.85
S0045,2019-10-14,223.16,242.66,194.31,28.85
S0045,2019-10-15,115.04,107.64,86.19,28.85
S0045,2019-10-16,70.09,51.5,41.24,28.85
S0045,2019-10-17,167.7,173.4,138.85,28.85
S0045,2019-10-18,106.32,96.75,77.47,28.85
S0045,2019-10-19,176.3,184.14,147.45,28.85
S0045,2019-10-20,121.76,116.03,92.91,28.85
S0045,2019-10-21,71.06,52.71,42.21,28.85
S0045,2019-10-22,92.79,79.85,63.94,28.85
S0045,2019-10-23,129.29,125.43,100.44,28.85
S0045,2019-10-24,106.47,96.93,77.62,28.85
S0045,2019-10-25,121.49,115.69,92.64,28.85
S0045,2019-10-26,120.42,114.35,91.57,28.85
S0045,2019-10-27,127.64,123.37,98.79,28.85
S0045,2019-10-28,139.51,138.19,110.66,28.85
S0045,2019-10-29,158.67,162.12,129.82,28.85
S0045,2019-10-30,96.42,84.38,67.57,28.85
S0045,2019-10-31,105.7,95.97,76.85,28.85
S0050,2019-10-01,389.84,365.75,292.88,96.96
S0050,2019-10-02,422.67,406.75,325.71,96.96
S0050,2019-10-03,227.11,162.53,130.15,96.96
S0050,2019-10-04,297.64,250.61,200.68,96.96
S0050,2019-10-05,671.42,717.4,574.46,96.96
S0050,2019-10-06,465.91,460.75,368.95,96.96
S0050,2019-10-07,324.1,283.66,227.14,96.96
S0050,2019-10-08,399.2,377.44,302.24,96.96
S0050,2019-10-09,388.85,364.52,291.89,96.96
S0050,2019-10-10,298.16,251.26,201.2,96.96
S0050,2019-10-11,442.39,431.38,345.43,96.96
S0050,2019-10-12,692.34,743.52,595.38,96.96
S0050,2019-10-13,613.2,644.69,516.24,96.96
S0050,2019-10-14,264.53,209.26,167.57,96.96
S0050,2019-10-15,292.3,243.94,195.34,96.96
S0050,2019-10-16,408.76,389.38,311.8,96.96
S0050,2019-10-17,329.88,290.88,232.92,96.96
S0050,2019-10-18,398.51,376.58,301.55,96.96
S0050,2019-10-19,302.19,256.3,205.23,96.96
S0050,2019-10-20,371.73,343.14,274.77,96.96
S0050,2019-10-21,309.97,266.01,213.01,96.96
S0050,2019-10-22,472.67,469.19,375.71,96.96
S0050,2019-10-23,400.0,378.44,303.04,96.96
S0050,2019-10-24,308.93,264.71,211.97,96.96
S0050,2019-10-25,316.77,274.5,219.81,96.96
S0050,2019-10-26,357.64,325.54,260.68,96.96
S0050,2019-10-27,300.77,254.52,203.81,96.96
S0050,2019-10-28,398.72,376.84,301.76,96.96
S0050,2019-10-29,294.17,246.28,197.21,96.96
S0050,2019-10-30,245.7,185.75,148.74,96.96
S0050,2019-10-31,341.99,306.0,245.03,96.96
S0052,2019-10-01,219.62,262.53,210.22,9.4
S0052,2019-10-02,142.54,166.27,133.14,9.4
S0052,2019-10-03,196.36,233.48,186.96,9.4
S0052,2019-10-04,117.56,135.07,108.16,9.4
S0052,2019-10-05,257.9,310.33,248.5,9.4
S0052,2019-10-06,261.08,314.3,251.68,9.4
S0052,2019-10-07,140.03,163.13,130.63,9.4
S0052,2019-10-08,92.68,104.0,83.28,9.4
S0052,2019-10-09,144.5,168.72,135.1,9.4
S0052,2019-10-10,89.52,100.06,80.12,9.4
S0052,2019-10-11,123.17,142.08,113.77,9.4
S0052,2019-10-12,615.42,756.81,606.02,9.4
S0052,2019-10-13,194.72,231.43,185.32,9.4
S0052,2019-10-14,85.73,95.32,76.33,9.4
S0052,2019-10-15,152.48,178.68,143.08,9.4
S0052,2019-10-16,163.63,192.61,154.23,9.4
S0052,2019-10-17,190.55,226.22,181.15,9.4
S0052,2019-10-18,187.83,222.83,178.43,9.4
S0052,2019-10-19,207.32,247.17,197.92,9.4
S0052,2019-10-20,180.29,213.41,170.89,9.4
S0052,2019-10-21,161.6,190.07,152.2,9.4
S0052,2019-10-22,177.75,210.24,168.35,9.4
S0052,2019-10-23,199.3,237.15,189.9,9.4
S0052,2019-10-24,149.29,174.7,139.89,9.4
S0052,2019-10-25,173.24,204.61,163.84,9.4
S0052,2019-10-26,354.32,430.74,344.92,9.4
S0052,2019-10-27,193.15,229.47,183.75,9.4
S0052,2019-10-28,142.59,166.33,133.19,9.4
S0052,2019-10-29,88.64,98.96,79.24,9.4
S0052,2019-10-30,172.54,203.73,163.14,9.4
S0052,2019-10-31,113.94,130.55,104.54,9.4
S0055,2019-10-01,272.3,289.54,231.85,40.45
S0055,2019-10-02,271.48,288.51,231.03,40.45
S0055,2019-10-03,438.28,496.82,397.83,40.45
S0055,2019-10-04,313.84,341.41,273.39,40.45
S0055,2019-10-05,264.27,279.51,223.82,40.45
S0055,2019-10-06,281.51,301.04,241.06,40.45
S0055,2019-10-07,259.68,273.78,219.23,40.45
S0055,2019-10-08,474.04,541.48,433.59,40.45
S0055,2019-10-09,378.1,421.66,337.65,40.45
S0055,2019-10-10,237.64,246.25,197.19,40.45
S0055,2019-10-11,338.02,371.61,297.57,40.45
S0055,2019-10-12,199.48,198.6,159.03,40.45
S0055,2019-10-13,210.28,212.09,169.83,40.45
S0055,2019-10-14,353.1,390.44,312.65,40.45
S0055,2019-10-15,241.91,251.59,201.46,40.45
S0055,2019-10-16,258.84,272.73,218.39,40.45
S0055,2019-10-17,295.72,318.79,255.27,40.45
S0055,2019-10-18,302.86,327.7,262.41,40.45
S0055,2019-10-19,260.99,275.41,220.54,40.45
S0055,2019-10-20,190.53,187.42,150.08,40.45
S0055,2019-10-21,338.85,372.65,298.4,40.45
S0055,2019-10-22,292.79,315.13,252.34,40.45
S0055,2019-10-23,324.26,354.43,283.81,40.45
S0055,2019-10-24,295.81,318.9,255.36,40.45
S0055,2019-10-25,211.28,213.34,170.83,40.45
S0055,2019-10-26,207.57,208.7,167.12,40.45
S0055,2019-10-27,164.29,154.65,123.84,40.45
S0055,2019-10-28,162.08,151.89,121.63,40.45
S0055,2019-10-29,384.33,429.44,343.88,40.45
S0055,2019-10-30,237.9,246.58,197.45,40.45
S0055,2019-10-31,334.72,367.49,294.27,40.45
S0056,2019-10-01,750.56,707.62,566.63,183.93
S0056,2019-10-02,1669.06,1854.66,1485.13,183.93
S0056,2019-10-03,1073.42,1110.81,889.49,183.93
S0056,2019-10-04,2551.85,2957.11,2367.92,183.93
S0056,2019-10-05,2125.29,2424.41,1941.36,183.93
S0056,2019-10-06,1205.09,1275.24,1021.16,183.93
S0056,2019-10-07,760.58,720.13,576.65,183.93
S0056,2019-10-08,682.76,622.95,498.83,183.93
S0056,2019-10-09,690.43,632.53,506.5,183.93
S0056,2019-10-10,740.63,695.22,556.7,183.93
S0056,2019-10-11,1112.43,1159.53,928.5,183.93
S0056,2019-10-12,2046.42,2325.91,1862.49,183.93
S0056,2019-10-13,1251.82,1333.6,1067.89,183.93
S0056,2019-10-14,818.02,791.86,634.09,183.93
S0056,2019-10-15,633.44,561.36,449.51,183.93
S0056,2019-10-16,735.09,688.3,551.16,183.93
S0056,2019-10-17,811.25,783.41,627.32,183.93
S0056,2019-10-18,769.55,731.33,585.62,183.93
S0056,2019-10-19,873.91,861.66,689.98,183.93
S0056,2019-10-20,1001.38,1020.85,817.45,183.93
S0056,2019-10-21,711.56,658.91,527.63,183.93
S0056,2019-10-22,666.97,603.23,483.04,183.93
S0056,2019-10-23,540.48,445.27,356.55,183.93
S0056,2019-10-24,536.31,440.06,352.38,183.93
S0056,2019-10-25,798.24,767.16,614.31,183.93
S0056,2019-10-26,791.92,759.27,607.99,183.93
S0056,2019-10-27,1107.5,1153.37,923.57,183.93
S0056,2019-10-28,745.03,700.71,561.1,183.93
S0056,2019-10-29,626.92,553.21,442.99,183.93
S0056,2019-10-30,498.64,393.02,314.71,183.93
S0056,2019-10-31,679.21,618.52,495.28,183.93
S0058,2019-10-01,303.0,339.64,271.97,31.03
S0058,2019-10-02,216.92,232.14,185.89,31.03
S0058,2019-10-03,319.56,360.32,288.53,31.03
S0058,2019-10-04,206.49,219.12,175.46,31.03
S0058,2019-10-05,370.95,424.5,339.92,31.03
S0058,2019-10-06,254.91,279.59,223.88,31.03
S0058,2019-10-07,273.13,302.34,242.1,31.03
S0058,2019-10-08,132.38,126.57,101.35,31.03
S0058,2019-10-09,237.69,258.08,206.66,31.03
S0058,2019-10-10,293.35,327.59,262.32,31.03
S0058,2019-10-11,280.2,311.17,249.17,31.03
S0058,2019-10-12,301.49,337.76,270.46,31.03
S0058,2019-10-13,327.48,370.21,296.45,31.03
S0058,2019-10-14,213.73,228.16,182.7,31.03
S0058,2019-10-15,259.37,285.16,228.34,31.03
S0058,2019-10-16,264.56,291.64,233.53,31.03
S0058,2019-10-17,345.39,392.58,314.36,31.03
S0058,2019-10-18,301.9,338.27,270.87,31.03
S0058,2019-10-19,299.36,335.1,268.33,31.03
S0058,2019-10-20,369.33,422.48,338.3,31.03
S0058,2019-10-21,192.34,201.45,161.31,31.03
S0058,2019-10-22,244.17,266.17,213.14,31.03
S0058,2019-10-23,172.92,177.2,141.89,31.03
S0058,2019-10-24,222.68,239.34,191.65,31.03
S0058,2019-10-25,266.23,293.72,235.2,31.03
S0058,2019-10-26,271.84,300.73,240.81,31.03
S0058,2019-10-27,258.03,283.48,227.0,31.03
S0058,2019-10-28,201.67,213.1,170.64,31.03
S0058,2019-10-29,191.46,200.35,160.43,31.03
S0058,2019-10-30,269.82,298.21,238.79,31.03
S0058,2019-10-31,255.71,280.58,224.68,31.03
S0061,2019-10-01,512.79,347.37,278.16,234.63
S0061,2019-10-02,592.46,446.87,357.83,234.63
S0061,2019-10-03,630.74,494.67,396.11,234.63
S0061,2019-10-04,566.77,414.78,332.14,234.63
S0061,2019-10-05,639.56,505.68,404.93,234.63
S0061,2019-10-06,788.19,691.3,553.56,234.63
S0061,2019-10-07,633.59,498.23,398.96,234.63
S0061,2019-10-08,704.38,586.63,469.75,234.63
S0061,2019-10-09,596.69,452.15,362.06,234.63
S0061,2019-10-10,498.36,329.35,263.73,234.63
S0061,2019-10-11,543.21,385.36,308.58,234.63
S0061,2019-10-12,732.03,621.16,497.4,234.63
S0061,2019-10-13,755.28,650.2,520.65,234.63
S0061,2019-10-14,549.65,393.4,315.02,234.63
S0061,2019-10-15,640.87,507.32,406.24,234.63
S0061,2019-10-16,532.95,372.55,298.32,234.63
S0061,2019-10-17,421.25,233.05,186.62,234.63
S0061,2019-10-18,441.2,257.97,206.57,234.63
S0061,2019-10-19,594.15,448.98,359.52,234.63
S0061,2019-10-20,877.18,802.43,642.55,234.63
S0061,2019-10-21,504.85,337.46,270.22,234.63
S0061,2019-10-22,544.57,387.06,309.94,234.63
S0061,2019-10-23,461.82,283.72,227.19,234.63
S0061,2019-10-24,516.96,352.58,282.33,234.63
S0061,2019-10-25,486.15,314.1,251.52,234.63
S0061,2019-10-26,902.84,834.47,668.21,234.63
S0061,2019-10-27,714.08,598.75,479.45,234.63
S0061,2019-10-28,567.23,415.36,332.6,234.63
S0061,2019-10-29,687.26,565.25,452.63,234.63
S0061,2019-10-30,563.54,410.75,328.91,234.63
S0061,2019-10-31,415.92,226.4,181.29,234.63
S0062,2019-10-01,1632.33,1682.35,1347.15,285.18
S0062,2019-10-02,1942.92,2070.22,1657.74,285.18
S0062,2019-10-03,1877.28,1988.25,1592.1,285.18
S0062,2019-10-04,1419.7,1416.81,1134.52,285.18
S0062,2019-10-05,1842.43,1944.72,1557.25,285.18
S0062,2019-10-06,1790.72,1880.15,1505.54,285.18
S0062,2019-10-07,1473.18,1483.6,1188.0,285.18
S0062,2019-10-08,1835.3,1935.82,1550.12,285.18
S0062,2019-10-09,1721.92,1794.23,1436.74,285.18
S0062,2019-10-10,1698.94,1765.53,1413.76,285.18
S0062,2019-10-11,1611.02,1655.74,1325.84,285.18
S0062,2019-10-12,2100.31,2266.77,1815.13,285.18
S0062,2019-10-13,1793.28,1883.34,1508.1,285.18
S0062,2019-10-14,1798.82,1890.26,1513.64,285.18
S0062,2019-10-15,1607.89,1651.83,1322.71,285.18
S0062,2019-10-16,2005.27,2148.08,1720.09,285.18
S0062,2019-10-17,1289.04,1253.64,1003.86,285.18
S0062,2019-10-18,1720.06,1791.91,1434.88,285.18
S0062,2019-10-19,1722.09,1794.44,1436.91,285.18
S0062,2019-10-20,1578.86,1615.57,1293.68,285.18
S0062,2019-10-21,1812.24,1907.02,1527.06,285.18
S0062,2019-10-22,1307.53,1276.73,1022.35,285.18
S0062,2019-10-23,1450.24,1454.95,1165.06,285.18
S0062,2019-10-24,1493.24,1508.65,1208.06,285.18
S0062,2019-10-25,1311.12,1281.21,1025.94,285.18
S0062,2019-10-26,1515.47,1536.41,1230.29,285.18
S0062,2019-10-27,1349.52,1329.17,1064.34,285.18
S0062,2019-10-28,1474.32,1485.02,1189.14,285.18
S0062,2019-10-29,1588.06,1627.06,1302.88,285.18
S0062,2019-10-30,1403.32,1396.36,1118.14,285.18
S0062,2019-10-31,1461.6,1469.14,1176.42,285.18
S0067,2019-10-01,261.61,245.86,196.87,64.74
S0067,2019-10-02,247.07,227.7,182.33,64.74
S0067,2019-10-03,402.06,421.25,337.32,64.74
S0067,2019-10-04,390.51,406.83,325.77,64.74
S0067,2019-10-05,376.51,389.34,311.77,64.74
S0067,2019-10-06,369.5,380.59,304.76,64.74
S0067,2019-10-07,570.19,631.22,505.45,64.74
S0067,2019-10-08,404.94,424.85,340.2,64.74
S0067,2019-10-09,274.7,262.2,209.96,64.74
S0067,2019-10-10,381.1,395.08,316.36,64.74
S0067,2019-10-11,182.61,147.2,117.87,64.74
S0067,2019-10-12,436.17,463.85,371.43,64.74
S0067,2019-10-13,467.68,503.2,402.94,64.74
S0067,2019-10-14,363.11,372.61,298.37,64.74
S0067,2019-10-15,324.97,324.98,260.23,64.74
S0067,2019-10-16,289.33,280.47,224.59,64.74
S0067,2019-10-17,396.86,414.76,332.12,64.74
S0067,2019-10-18,331.14,332.69,266.4,64.74
S0067,2019-10-19,407.71,428.31,342.97,64.74
S0067,2019-10-20,275.6,263.33,210.86,64.74
S0067,2019-10-21,411.85,433.48,347.11,64.74
S0067,2019-10-22,368.6,379.47,303.86,64.74
S0067,2019-10-23,353.71,360.87,288.97,64.74
S0067,2019-10-24,346.36,351.69,281.62,64.74
S0067,2019-10-25,215.97,188.86,151.23,64.74
S0067,2019-10-26,225.25,200.45,160.51,64.74
S0067,2019-10-27,210.99,182.64,146.25,64.74
S0067,2019-10-28,401.65,420.74,336.91,64.74
S0067,2019-10-29,297.82,291.07,233.08,64.74
S0067,2019-10-30,379.49,393.07,314.75,64.74
S0067,2019-10-31,283.72,273.47,218.98,64.74
S0072,2019-10-01,584.16,569.86,456.32,127.84
S0072,2019-10-02,541.56,516.66,413.72,127.84
S0072,2019-10-03,400.64,340.68,272.8,127.84
S0072,2019-10-04,695.22,708.56,567.38,127.84
S0072,2019-10-05,673.33,681.22,545.49,127.84
S0072,2019-10-06,482.08,442.38,354.24,127.84
S0072,2019-10-07,506.58,472.98,378.74,127.84
S0072,2019-10-08,577.09,561.03,449.25,127.84
S0072,2019-10-09,466.81,423.31,338.97,127.84
S0072,2019-10-10,596.21,584.91,468.37,127.84
S0072,2019-10-11,430.1,377.47,302.26,127.84
S0072,2019-10-12,565.71,546.82,437.87,127.84
S0072,2019-10-13,425.68,371.95,297.84,127.84
S0072,2019-10-14,514.64,483.04,386.8,127.84
S0072,2019-10-15,346.4,272.94,218.56,127.84
S0072,2019-10-16,448.88,400.92,321.04,127.84
S0072,2019-10-17,383.13,318.81,255.29,127.84
S0072,2019-10-18,435.0,383.59,307.16,127.84
S0072,2019-10-19,609.25,601.19,481.41,127.84
S0072,2019-10-20,504.76,470.71,376.92,127.84
S0072,2019-10-21,433.26,381.41,305.42,127.84
S0072,2019-10-22,464.61,420.57,336.77,127.84
S0072,2019-10-23,349.13,276.35,221.29,127.84
S0072,2019-10-24,442.56,393.03,314.72,127.84
S0072,2019-10-25,391.64,329.44,263.8,127.84
S0072,2019-10-26,551.37,528.91,423.53,127.84
S0072,2019-10-27,512.28,480.1,384.44,127.84
S0072,2019-10-28,362.49,293.04,234.65,127.84
S0072,2019-10-29,457.27,411.4,329.43,127.84
S0072,2019-10-30,458.99,413.55,331.15,127.84
S0072,2019-10-31,468.19,425.04,340.35,127.84
S0073,2019-10-01,265.01,285.34,228.49,36.52
S0073,2019-10-02,223.16,233.08,186.64,36.52
S0073,2019-10-03,204.94,210.33,168.42,36.52
S0073,2019-10-04,186.56,187.37,150.04,36.52
S0073,2019-10-05,197.26,200.74,160.74,36.52
S0073,2019-10-06,272.07,294.16,235.55,36.52
S0073,2019-10-07,146.79,137.71,110.27,36.52
S0073,2019-10-08,175.12,173.09,138.6,36.52
S0073,2019-10-09,136.48,124.83,99.96,36.52
S0073,2019-10-10,196.86,200.24,160.34,36.52
S0073,2019-10-11,97.08,75.63,60.56,36.52
S0073,2019-10-12,260.63,279.87,224.11,36.52
S0073,2019-10-13,298.43,327.08,261.91,36.52
S0073,2019-10-14,145.79,136.46,109.27,36.52
S0073,2019-10-15,204.9,210.28,168.38,36.52
S0073,2019-10-16,174.6,172.44,138.08,36.52
S0073,2019-10-17,204.38,209.63,167.86,36.52
S0073,2019-10-18,81.58,56.27,45.06,36.52
S0073,2019-10-19,223.73,233.79,187.21,36.52
S0073,2019-10-20,274.49,297.18,237.97,36.52
S0073,2019-10-21,127.72,113.89,91.2,36.52
S0073,2019-10-22,106.4,87.27,69.88,36.52
S0073,2019-10-23,279.95,304.0,243.43,36.52
S0073,2019-10-24,145.41,135.98,108.89,36.52
S0073,2019-10-25,88.03,64.33,51.51,36.52
S0073,2019-10-26,154.64,147.51,118.12,36.52
S0073,2019-10-27,204.34,209.58,167.82,36.52
S0073,2019-10-28,262.34,282.01,225.82,36.52
S0073,2019-10-29,120.68,105.1,84.16,36.52
S0073,2019-10-30,247.75,263.79,211.23,36.52
S0073,2019-10-31,179.82,178.96,143.3,36.52
S0083,2019-10-01,147.31,153.85,123.2,24.11
S0083,2019-10-02,1548.93,1904.23,1524.82,24.11
S0083,2019-10-03,1897.91,2340.04,1873.8,24.11
S0083,2019-10-04,1332.91,1634.46,1308.8,24.11
S0083,2019-10-05,77.78,67.02,53.67,24.11
S0083,2019-10-06,262.35,297.52,238.24,24.11
S0083,2019-10-07,336.8,390.49,312.69,24.11
S0083,2019-10-08,950.98,1157.49,926.87,24.11
S0083,2019-10-09,5180.01,6438.79,5155.9,24.11
S0083,2019-10-10,108.8,105.76,84.69,24.11
S0083,2019-10-11,77.44,66.6,53.33,24.11
S0083,2019-10-12,152.43,160.25,128.32,24.11
S0083,2019-10-13,186.94,203.35,162.83,24.11
S0083,2019-10-14,125.44,126.54,101.33,24.11
S0083,2019-10-15,64.91,50.95,40.8,24.11
S0083,2019-10-16,103.37,98.98,79.26,24.11
S0083,2019-10-17,116.18,114.98,92.07,24.11
S0083,2019-10-18,50.07,32.42,25.96,24.11
S0083,2019-10-19,54.42,37.85,30.31,24.11
S0083,2019-10-20,84.64,75.59,60.53,24.11
S0083,2019-10-21,136.11,139.87,112.0,24.11
S0083,2019-10-22,139.71,144.36,115.6,24.11
S0083,2019-10-23,138.23,142.52,114.12,24.11
S0083,2019-10-24,32.57,10.57,8.46,24.11
S0083,2019-10-25,56.81,40.84,32.7,24.11
S0083,2019-10-26,135.29,138.84,111.18,24.11
S0083,2019-10-27,91.81,84.55,67.7,24.11
S0083,2019-10-28,805.75,976.13,781.64,24.11
S0083,2019-10-29,91.69,84.4,67.58,24.11
S0083,2019-10-30,3461.06,4292.13,3436.95,24.11
S0083,2019-10-31,130.2,132.49,106.09,24.11
S0085,2019-10-01,2668.48,2608.12,2088.47,580.01
S0085,2019-10-02,2268.02,2108.02,1688.01,580.01
S0085,2019-10-03,2630.68,2560.92,2050.67,580.01
S0085,2019-10-04,2830.23,2810.12,2250.22,580.01
S0085,2019-10-05,3278.95,3370.49,2698.94,580.01
S0085,2019-10-06,4102.09,4398.44,3522.08,580.01
S0085,2019-10-07,2855.07,2841.14,2275.06,580.01
S0085,2019-10-08,2694.29,2640.35,2114.28,580.01
S0085,2019-10-09,2239.02,2071.8,1659.01,580.01
S0085,2019-10-10,2247.58,2082.49,1667.57,580.01
S0085,2019-10-11,2904.62,2903.02,2324.61,580.01
S0085,2019-10-12,4093.43,4387.63,3513.42,580.01
S0085,2019-10-13,4117.87,4418.15,3537.86,580.01
S0085,2019-10-14,2887.95,2882.2,2307.94,580.01
S0085,2019-10-15,2418.54,2295.99,1838.53,580.01
S0085,2019-10-16,2822.56,2800.54,2242.55,580.01
S0085,2019-10-17,2505.56,2404.66,1925.55,580.01
S0085,2019-10-18,2654.39,2590.53,2074.38,580.01
S0085,2019-10-19,2824.3,2802.71,2244.29,580.01
S0085,2019-10-20,3431.46,3560.95,2851.45,580.01
S0085,2019-10-21,2482.55,2375.93,1902.54,580.01
S0085,2019-10-22,2264.28,2103.35,1684.27,580.01
S0085,2019-10-23,2346.82,2206.43,1766.81,580.01
S0085,2019-10-24,2497.1,2394.1,1917.09,580.01
S0085,2019-10-25,2456.11,2342.91,1876.1,580.01
S0085,2019-10-26,3506.99,3655.27,2926.98,580.01
S0085,2019-10-27,3521.56,3673.47,2941.55,580.01
S0085,2019-10-28,3076.57,3117.75,2496.56,580.01
S0085,2019-10-29,1929.11,1684.78,1349.1,580.01
S0085,2019-10-30,2170.4,1986.11,1590.39,580.01
S0085,2019-10-31,2085.38,1879.94,1505.37,580.01
S0091,2019-10-01,185.25,146.77,117.53,67.72
S0091,2019-10-02,210.28,178.03,142.56,67.72
S0091,2019-10-03,199.35,164.38,131.63,67.72
S0091,2019-10-04,273.84,257.41,206.12,67.72
S0091,2019-10-05,354.91,358.65,287.19,67.72
S0091,2019-10-06,286.89,273.7,219.17,67.72
S0091,2019-10-07,210.02,177.71,142.3,67.72
S0091,2019-10-08,274.77,258.57,207.05,67.72
S0091,2019-10-09,209.24,176.73,141.52,67.72
S0091,2019-10-10,229.82,202.43,162.1,67.72
S0091,2019-10-11,265.89,247.48,198.17,67.72
S0091,2019-10-12,392.62,405.74,324.9,67.72
S0091,2019-10-13,294.47,283.17,226.75,67.72
S0091,2019-10-14,331.31,329.18,263.59,67.72
S0091,2019-10-15,267.51,249.5,199.79,67.72
S0091,2019-10-16,239.74,214.82,172.02,67.72
S0091,2019-10-17,207.3,174.31,139.58,67.72
S0091,2019-10-18,193.66,157.28,125.94,67.72
S0091,2019-10-19,295.68,284.68,227.96,67.72
S0091,2019-10-20,387.29,399.09,319.57,67.72
S0091,2019-10-21,379.11,388.87,311.39,67.72
S0091,2019-10-22,288.53,275.75,220.81,67.72
S0091,2019-10-23,200.26,165.52,132.54,67.72
S0091,2019-10-24,319.94,314.98,252.22,67.72
S0091,2019-10-25,258.78,238.6,191.06,67.72
S0091,2019-10-26,232.94,206.33,165.22,67.72
S0091,2019-10-27,207.99,175.17,140.27,67.72
S0091,2019-10-28,384.61,395.74,316.89,67.72
S0091,2019-10-29,257.51,237.01,189.79,67.72
S0091,2019-10-30,169.85,127.54,102.13,67.72
S0091,2019-10-31,254.59,233.37,186.87,67.72
S0094,2019-10-01,723.59,618.89,495.58,228.01
S0094,2019-10-02,760.81,665.37,532.8,228.01
S0094,2019-10-03,806.39,722.29,578.38,228.01
S0094,2019-10-04,656.77,535.44,428.76,228.01
S0094,2019-10-05,1125.51,1120.82,897.5,228.01
S0094,2019-10-06,1434.65,1506.88,1206.64,228.01
S0094,2019-10-07,656.89,535.59,428.88,228.01
S0094,2019-10-08,814.17,732.01,586.16,228.01
S0094,2019-10-09,715.91,609.3,487.9,228.01
S0094,2019-10-10,629.18,500.99,401.17,228.01
S0094,2019-10-11,705.3,596.05,477.29,228.01
S0094,2019-10-12,1583.87,1693.22,1355.86,228.01
S0094,2019-10-13,1375.86,1433.46,1147.85,228.01
S0094,2019-10-14,615.06,483.36,387.05,228.01
S0094,2019-10-15,662.56,542.67,434.55,228.01
S0094,2019-10-16,776.57,685.05,548.56,228.01
S0094,2019-10-17,960.82,915.15,732.81,228.01
S0094,2019-10-18,883.43,818.5,655.42,228.01
S0094,2019-10-19,1174.12,1181.52,946.11,228.01
S0094,2019-10-20,1093.77,1081.18,865.76,228.01
S0094,2019-10-21,677.68,561.56,449.67,228.01
S0094,2019-10-22,603.18,468.52,375.17,228.01
S0094,2019-10-23,656.43,535.02,428.42,228.01
S0094,2019-10-24,709.69,601.53,481.68,228.01
S0094,2019-10-25,587.07,448.4,359.06,228.01
S0094,2019-10-26,982.86,942.67,754.85,228.01
S0094,2019-10-27,1009.13,975.48,781.12,228.01
S0094,2019-10-28,796.06,709.39,568.05,228.01
S0094,2019-10-29,510.44,352.7,282.43,228.01
S0094,2019-10-30,606.16,472.24,378.15,228.01
S0094,2019-10-31,577.81,436.84,349.8,228.01
S0097,2019-10-01,885.26,1394.59,1116.73,-231.47
S0097,2019-10-02,794.01,1280.64,1025.48,-231.47
S0097,2019-10-03,807.93,1298.02,1039.4,-231.47
S0097,2019-10-04,783.47,1267.48,1014.94,-231.47
S0097,2019-10-05,1111.83,1677.54,1343.3,-231.47
S0097,2019-10-06,1438.66,2085.69,1670.13,-231.47
S0097,2019-10-07,703.25,1167.3,934.72,-231.47
S0097,2019-10-08,746.61,1221.45,978.08,-231.47
S0097,2019-10-09,721.94,1190.64,953.41,-231.47
S0097,2019-10-10,943.38,1467.18,1174.85,-231.47
S0097,2019-10-11,988.45,1523.46,1219.92,-231.47
S0097,2019-10-12,989.2,1524.4,1220.67,-231.47
S0097,2019-10-13,1144.97,1718.93,1376.44,-231.47
S0097,2019-10-14,507.53,922.88,739.0,-231.47
S0097,2019-10-15,643.03,1092.09,874.5,-231.47
S0097,2019-10-16,693.74,1155.42,925.21,-231.47
S0097,2019-10-17,916.91,1434.12,1148.38,-231.47
S0097,2019-10-18,573.94,1005.81,805.41,-231.47
S0097,2019-10-19,1116.55,1683.43,1348.02,-231.47
S0097,2019-10-20,1014.82,1556.39,1246.29,-231.47
S0097,2019-10-21,415.18,807.55,646.65,-231.47
S0097,2019-10-22,562.87,991.99,794.34,-231.47
S0097,2019-10-23,527.95,948.38,759.42,-231.47
S0097,2019-10-24,532.28,953.79,763.75,-231.47
S0097,2019-10-25,766.36,1246.11,997.83,-231.47
S0097,2019-10-26,1005.99,1545.36,1237.46,-231.47
S0097,2019-10-27,1114.36,1680.7,1345.83,-231.47
S0097,2019-10-28,728.25,1198.52,959.72,-231.47
S0097,2019-10-29,474.63,881.79,706.1,-231.47
S0097,2019-10-30,544.86,969.5,776.33,-231.47
S0097,2019-10-31,383.26,767.69,614.73,-231.47
S0102,2019-10-01,454.35,528.46,423.17,31.18
S0102,2019-10-02,263.27,289.84,232.09,31.18
S0102,2019-10-03,612.31,725.73,581.13,31.18
S0102,2019-10-04,941.39,1136.69,910.21,31.18
S0102,2019-10-05,640.61,761.07,609.43,31.18
S0102,2019-10-06,376.11,430.76,344.93,31.18
S0102,2019-10-07,279.31,309.87,248.13,31.18
S0102,2019-10-08,1525.23,1865.8,1494.05,31.18
S0102,2019-10-09,1093.26,1326.35,1062.08,31.18
S0102,2019-10-10,419.89,485.43,388.71,31.18
S0102,2019-10-11,325.81,367.94,294.63,31.18
S0102,2019-10-12,300.89,336.82,269.71,31.18
S0102,2019-10-13,411.6,475.08,380.42,31.18
S0102,2019-10-14,295.88,330.56,264.7,31.18
S0102,2019-10-15,351.64,400.2,320.46,31.18
S0102,2019-10-16,235.64,255.33,204.46,31.18
S0102,2019-10-17,309.92,348.1,278.74,31.18
S0102,2019-10-18,378.86,434.19,347.68,31.18
S0102,2019-10-19,333.13,377.08,301.95,31.18
S0102,2019-10-20,398.25,458.4,367.07,31.18
S0102,2019-10-21,194.02,203.36,162.84,31.18
S0102,2019-10-22,161.39,162.61,130.21,31.18
S0102,2019-10-23,325.37,367.39,294.19,31.18
S0102,2019-10-24,234.88,254.38,203.7,31.18
S0102,2019-10-25,278.23,308.52,247.05,31.18
S0102,2019-10-26,187.78,195.57,156.6,31.18
S0102,2019-10-27,364.92,416.78,333.74,31.18
S0102,2019-10-28,308.34,346.12,277.16,31.18
S0102,2019-10-29,277.09,307.1,245.91,31.18
S0102,2019-10-30,214.84,229.36,183.66,31.18
S0102,2019-10-31,235.16,254.73,203.98,31.18
S0104,2019-10-01,1146.45,1097.96,879.2,267.25
S0104,2019-10-02,1294.54,1282.9,1027.29,267.25
S0104,2019-10-03,709.74,552.59,442.49,267.25
S0104,2019-10-04,856.09,735.35,588.84,267.25
S0104,2019-10-05,1324.7,1320.56,1057.45,267.25
S0104,2019-10-06,1285.89,1272.1,1018.64,267.25
S0104,2019-10-07,894.07,782.79,626.82,267.25
S0104,2019-10-08,1418.31,1437.47,1151.06,267.25
S0104,2019-10-09,1166.48,1122.98,899.23,267.25
S0104,2019-10-10,951.77,854.84,684.52,267.25
S0104,2019-10-11,1627.74,1699.01,1360.49,267.25
S0104,2019-10-12,1635.38,1708.55,1368.13,267.25
S0104,2019-10-13,2138.98,2337.45,1871.73,267.25
S0104,2019-10-14,1268.48,1250.36,1001.23,267.25
S0104,2019-10-15,1665.1,1745.66,1397.85,267.25
S0104,2019-10-16,958.09,862.73,690.84,267.25
S0104,2019-10-17,976.3,885.48,709.05,267.25
S0104,2019-10-18,1033.04,956.33,765.79,267.25
S0104,2019-10-19,1235.93,1209.71,968.68,267.25
S0104,2019-10-20,1425.06,1445.9,1157.81,267.25
S0104,2019-10-21,875.8,759.97,608.55,267.25
S0104,2019-10-22,927.0,823.91,659.75,267.25
S0104,2019-10-23,658.28,488.33,391.03,267.25
S0104,2019-10-24,700.97,541.64,433.72,267.25
S0104,2019-10-25,788.16,650.52,520.91,267.25
S0104,2019-10-26,1030.28,952.89,763.03,267.25
S0104,2019-10-27,1033.97,957.5,766.72,267.25
S0104,2019-10-28,920.99,816.4,653.74,267.25
S0104,2019-10-29,695.74,535.11,428.49,267.25
S0104,2019-10-30,738.87,588.97,471.62,267.25
S0104,2019-10-31,655.81,485.24,388.56,267.25
S0107,2019-10-01,295.44,344.47,275.84,19.6
S0107,2019-10-02,237.63,272.28,218.03,19.6
S0107,2019-10-03,137.72,147.51,118.12,19.6
S0107,2019-10-04,219.59,249.75,199.99,19.6
S0107,2019-10-05,236.47,270.83,216.87,19.6
S0107,2019-10-06,336.85,396.19,317.25,19.6
S0107,2019-10-07,216.1,245.39,196.5,19.6
S0107,2019-10-08,202.01,227.8,182.41,19.6
S0107,2019-10-09,226.08,257.86,206.48,19.6
S0107,2019-10-10,166.56,183.53,146.96,19.6
S0107,2019-10-11,166.1,182.95,146.5,19.6
S0107,2019-10-12,273.22,316.73,253.62,19.6
S0107,2019-10-13,150.16,163.05,130.56,19.6
S0107,2019-10-14,185.63,207.34,166.03,19.6
S0107,2019-10-15,146.83,158.89,127.23,19.6
S0107,2019-10-16,193.1,216.67,173.5,19.6
S0107,2019-10-17,198.26,223.11,178.66,19.6
S0107,2019-10-18,117.5,122.26,97.9,19.6
S0107,2019-10-19,244.43,280.77,224.83,19.6
S0107,2019-10-20,248.64,286.03,229.04,19.6
S0107,2019-10-21,161.8,177.58,142.2,19.6
S0107,2019-10-22,222.58,253.49,202.98,19.6
S0107,2019-10-23,111.19,114.38,91.59,19.6
S0107,2019-10-24,66.22,58.22,46.62,19.6
S0107,2019-10-25,171.25,189.38,151.65,19.6
S0107,2019-10-26,210.08,237.88,190.48,19.6
S0107,2019-10-27,171.51,189.71,151.91,19.6
S0107,2019-10-28,169.71,187.46,150.11,19.6
S0107,2019-10-29,161.67,177.42,142.07,19.6
S0107,2019-10-30,146.02,157.88,126.42,19.6
S0107,2019-10-31,148.64,161.15,129.04,19.6
S0108,2019-10-01,492.51,425.79,340.95,151.56
S0108,2019-10-02,443.58,364.68,292.02,151.56
S0108,2019-10-03,547.47,494.42,395.91,151.56
S0108,2019-10-04,695.51,679.3,543.95,151.56
S0108,2019-10-05,728.12,720.02,576.56,151.56
S0108,2019-10-06,690.27,672.75,538.71,151.56
S0108,2019-10-07,579.94,534.97,428.38,151.56
S0108,2019-10-08,1384.99,1540.33,1233.43,151.56
S0108,2019-10-09,1135.98,1229.36,984.42,151.56
S0108,2019-10-10,898.34,932.59,746.78,151.56
S0108,2019-10-11,635.04,603.78,483.48,151.56
S0108,2019-10-12,1054.5,1127.61,902.94,151.56
S0108,2019-10-13,1269.58,1396.21,1118.02,151.56
S0108,2019-10-14,759.89,759.69,608.33,151.56
S0108,2019-10-15,624.17,590.2,472.61,151.56
S0108,2019-10-16,851.05,873.54,699.49,151.56
S0108,2019-10-17,780.13,784.97,628.57,151.56
S0108,2019-10-18,575.32,529.2,423.76,151.56
S0108,2019-10-19,618.3,582.87,466.74,151.56
S0108,2019-10-20,872.38,900.17,720.82,151.56
S0108,2019-10-21,470.55,398.36,318.99,151.56
S0108,2019-10-22,601.49,561.88,449.93,151.56
S0108,2019-10-23,491.37,424.36,339.81,151.56
S0108,2019-10-24,515.12,454.02,363.56,151.56
S0108,2019-10-25,643.36,614.17,491.8,151.56
S0108,2019-10-26,784.01,789.82,632.45,151.56
S0108,2019-10-27,764.45,765.39,612.89,151.56
S0108,2019-10-28,743.93,739.76,592.37,151.56
S0108,2019-10-29,450.81,373.71,299.25,151.56
S0108,2019-10-30,333.21,226.85,181.65,151.56
S0108,2019-10-31,407.55,319.69,255.99,151.56
S0122,2019-10-01,224.75,204.74,163.95,60.8
S0122,2019-10-02,385.46,405.44,324.66,60.8
S0122,2019-10-03,194.18,166.57,133.38,60.8
S0122,2019-10-04,308.01,308.72,247.21,60.8
S0122,2019-10-05,465.2,505.02,404.4,60.8
S0122,2019-10-06,262.02,251.29,201.22,60.8
S0122,2019-10-07,225.77,206.02,164.97,60.8
S0122,2019-10-08,305.38,305.44,244.58,60.8
S0122,2019-10-09,153.38,115.62,92.58,60.8
S0122,2019-10-10,309.64,310.76,248.84,60.8
S0122,2019-10-11,177.12,145.26,116.32,60.8
S0122,2019-10-12,388.28,408.96,327.48,60.8
S0122,2019-10-13,394.4,416.61,333.6,60.8
S0122,2019-10-14,308.76,309.66,247.96,60.8
S0122,2019-10-15,358.81,372.16,298.01,60.8
S0122,2019-10-16,284.93,279.9,224.13,60.8
S0122,2019-10-17,196.3,169.22,135.5,60.8
S0122,2019-10-18,359.09,372.51,298.29,60.8
S0122,2019-10-19,402.31,426.48,341.51,60.8
S0122,2019-10-20,303.68,303.31,242.88,60.8
S0122,2019-10-21,129.84,86.22,69.04,60.8
S0122,2019-10-22,194.59,167.08,133.79,60.8
S0122,2019-10-23,193.04,165.14,132.24,60.8
S0122,2019-10-24,153.16,115.34,92.36,60.8
S0122,2019-10-25,217.62,195.84,156.82,60.8
S0122,2019-10-26,274.94,267.42,214.14,60.8
S0122,2019-10-27,308.74,309.63,247.94,60.8
S0122,2019-10-28,230.72,212.2,169.92,60.8
S0122,2019-10-29,188.41,159.36,127.61,60.8
S0122,2019-10-30,232.73,214.71,171.93,60.8
S0122,2019-10-31,193.84,166.14,133.04,60.8
S0126,2019-10-01,434.83,460.39,368.66,66.17
S0126,2019-10-02,384.42,397.44,318.25,66.17
S0126,2019-10-03,520.54,567.43,454.37,66.17
S0126,2019-10-04,431.63,456.39,365.46,66.17
S0126,2019-10-05,416.57,437.59,350.4,66.17
S0126,2019-10-06,646.73,725.01,580.56,66.17
S0126,2019-10-07,612.7,682.52,546.53,66.17
S0126,2019-10-08,513.89,559.12,447.72,66.17
S0126,2019-10-09,587.75,651.36,521.58,66.17
S0126,2019-10-10,720.79,817.5,654.62,66.17
S0126,2019-10-11,503.06,545.6,436.89,66.17
S0126,2019-10-12,876.94,1012.51,810.77,66.17
S0126,2019-10-13,707.47,800.87,641.3,66.17
S0126,2019-10-14,400.13,417.06,333.96,66.17
S0126,2019-10-15,682.65,769.87,616.48,66.17
S0126,2019-10-16,501.69,543.89,435.52,66.17
S0126,2019-10-17,316.04,312.04,249.87,66.17
S0126,2019-10-18,454.17,484.54,388.0,66.17
S0126,2019-10-19,515.45,561.07,449.28,66.17
S0126,2019-10-20,585.65,648.74,519.48,66.17
S0126,2019-10-21,292.54,282.7,226.37,66.17
S0126,2019-10-22,505.5,548.64,439.33,66.17
S0126,2019-10-23,497.53,538.69,431.36,66.17
S0126,2019-10-24,441.93,469.26,375.76,66.17
S0126,2019-10-25,308.26,302.33,242.09,66.17
S0126,2019-10-26,539.4,590.98,473.23,66.17
S0126,2019-10-27,446.85,475.4,380.68,66.17
S0126,2019-10-28,559.74,616.38,493.57,66.17
S0126,2019-10-29,466.06,499.39,399.89,66.17
S0126,2019-10-30,571.42,630.97,505.25,66.17
S0126,2019-10-31,470.11,504.45,403.94,66.17
S0131,2019-10-01,359.22,376.32,301.34,57.88
S0131,2019-10-02,188.43,163.03,130.55,57.88
S0131,2019-10-03,183.49,156.86,125.61,57.88
S0131,2019-10-04,262.89,256.02,205.01,57.88
S0131,2019-10-05,324.67,333.17,266.79,57.88
S0131,2019-10-06,309.08,313.7,251.2,57.88
S0131,2019-10-07,289.52,289.28,231.64,57.88
S0131,2019-10-08,343.95,357.25,286.07,57.88
S0131,2019-10-09,432.52,467.86,374.64,57.88
S0131,2019-10-10,336.02,347.35,278.14,57.88
S0131,2019-10-11,297.09,298.73,239.21,57.88
S0131,2019-10-12,542.14,604.75,484.26,57.88
S0131,2019-10-13,569.89,639.41,512.01,57.88
S0131,2019-10-14,331.15,341.26,273.27,57.88
S0131,2019-10-15,291.83,292.16,233.95,57.88
S0131,2019-10-16,346.39,360.3,288.51,57.88
S0131,2019-10-17,225.73,209.61,167.85,57.88
S0131,2019-10-18,227.44,211.75,169.56,57.88
S0131,2019-10-19,255.48,246.77,197.6,57.88
S0131,2019-10-20,363.09,381.15,305.21,57.88
S0131,2019-10-21,281.26,278.96,223.38,57.88
S0131,2019-10-22,215.07,196.3,157.19,57.88
S0131,2019-10-23,275.63,271.93,217.75,57.88
S0131,2019-10-24,173.26,144.09,115.38,57.88
S0131,2019-10-25,236.05,222.5,178.17,57.88
S0131,2019-10-26,262.79,255.9,204.91,57.88
S0131,2019-10-27,235.86,222.26,177.98,57.88
S0131,2019-10-28,254.62,245.69,196.74,57.88
S0131,2019-10-29,161.18,129.0,103.3,57.88
S0131,2019-10-30,185.86,159.82,127.98,57.88
S0131,2019-10-31,335.18,346.3,277.3,57.88
S0132,2019-10-01,784.76,832.44,666.58,118.18
S0132,2019-10-02,509.83,489.1,391.65,118.18
S0132,2019-10-03,474.68,445.2,356.5,118.18
S0132,2019-10-04,500.81,477.84,382.63,118.18
S0132,2019-10-05,628.8,637.67,510.62,118.18
S0132,2019-10-06,497.83,474.11,379.65,118.18
S0132,2019-10-07,308.96,238.25,190.78,118.18
S0132,2019-10-08,1045.8,1158.43,927.62,118.18
S0132,2019-10-09,403.07,355.78,284.89,118.18
S0132,2019-10-10,643.67,656.24,525.49,118.18
S0132,2019-10-11,596.04,596.76,477.86,118.18
S0132,2019-10-12,993.51,1093.13,875.33,118.18
S0132,2019-10-13,538.38,524.75,420.2,118.18
S0132,2019-10-14,493.67,468.92,375.49,118.18
S0132,2019-10-15,423.17,380.88,304.99,118.18
S0132,2019-10-16,487.04,460.64,368.86,118.18
S0132,2019-10-17,416.92,373.07,298.74,118.18
S0132,2019-10-18,326.52,260.18,208.34,118.18
S0132,2019-10-19,451.77,416.59,333.59,118.18
S0132,2019-10-20,598.02,599.23,479.84,118.18
S0132,2019-10-21,334.23,269.81,216.05,118.18
S0132,2019-10-22,365.91,309.37,247.73,118.18
S0132,2019-10-23,342.14,279.69,223.96,118.18
S0132,2019-10-24,409.38,363.66,291.2,118.18
S0132,2019-10-25,345.09,283.37,226.91,118.18
S0132,2019-10-26,349.22,288.53,231.04,118.18
S0132,2019-10-27,411.92,366.83,293.74,118.18
S0132,2019-10-28,364.8,307.98,246.62,118.18
S0132,2019-10-29,324.13,257.19,205.95,118.18
S0132,2019-10-30,385.09,333.32,266.91,118.18
S0132,2019-10-31,345.76,284.21,227.58,118.18
S0142,2019-10-01,213.29,192.66,154.27,59.02
S0142,2019-10-02,574.57,643.83,515.55,59.02
S0142,2019-10-03,112.04,66.21,53.02,59.02
S0142,2019-10-04,174.84,144.64,115.82,59.02
S0142,2019-10-05,308.45,311.49,249.43,59.02
S0142,2019-10-06,220.47,201.62,161.45,59.02
S0142,2019-10-07,225.83,208.32,166.81,59.02
S0142,2019-10-08,295.12,294.85,236.1,59.02
S0142,2019-10-09,200.09,176.17,141.07,59.02
S0142,2019-10-10,429.38,462.51,370.36,59.02
S0142,2019-10-11,161.57,128.07,102.55,59.02
S0142,2019-10-12,492.17,540.93,433.15,59.02
S0142,2019-10-13,307.52,310.33,248.5,59.02
S0142,2019-10-14,367.15,384.8,308.13,59.02
S0142,2019-10-15,253.28,242.6,194.26,59.02
S0142,2019-10-16,215.89,195.9,156.87,59.02
S0142,2019-10-17,225.95,208.47,166.93,59.02
S0142,2019-10-18,141.44,102.93,82.42,59.02
S0142,2019-10-19,400.44,426.37,341.42,59.02
S0142,2019-10-20,274.58,269.2,215.56,59.02
S0142,2019-10-21,198.09,173.67,139.07,59.02
S0142,2019-10-22,189.84,163.37,130.82,59.02
S0142,2019-10-23,140.15,101.32,81.13,59.02
S0142,2019-10-24,247.79,235.74,188.77,59.02
S0142,2019-10-25,271.54,265.4,212.52,59.02
S0142,2019-10-26,315.41,320.18,256.39,59.02
S0142,2019-10-27,135.08,94.99,76.06,59.02
S0142,2019-10-28,219.5,200.41,160.48,59.02
S0142,2019-10-29,168.24,136.4,109.22,59.02
S0142,2019-10-30,229.74,213.2,170.72,59.02
S0142,2019-10-31,273.33,267.63,214.31,59.02
S0095,2019-10-01,895.38,1043.91,835.92,59.46
S0095,2019-10-02,787.5,909.19,728.04,59.46
S0095,2019-10-03,981.18,1151.06,921.72,59.46
S0095,2019-10-04,1023.28,1203.64,963.82,59.46
S0095,2019-10-05,855.53,994.15,796.07,59.46
S0095,2019-10-06,1079.35,1273.66,1019.89,59.46
S0095,2019-10-07,1157.2,1370.88,1097.74,59.46
S0095,2019-10-08,752.75,865.79,693.29,59.46
S0095,2019-10-09,1185.5,1406.22,1126.04,59.46
S0095,2019-10-10,1047.52,1233.91,988.06,59.46
S0095,2019-10-11,1322.1,1576.81,1262.64,59.46
S0095,2019-10-12,1169.1,1385.74,1109.64,59.46
S0095,2019-10-13,1282.19,1526.97,1222.73,59.46
S0095,2019-10-14,1277.38,1520.96,1217.92,59.46
S0095,2019-10-15,1364.96,1630.33,1305.5,59.46
S0095,2019-10-16,1254.38,1492.24,1194.92,59.46
S0095,2019-10-17,1045.15,1230.95,985.69,59.46
S0095,2019-10-18,1372.74,1640.05,1313.28,59.46
S0095,2019-10-19,1208.76,1435.27,1149.3,59.46
S0095,2019-10-20,1095.16,1293.4,1035.7,59.46
S0095,2019-10-21,1308.36,1559.65,1248.9,59.46
S0095,2019-10-22,856.95,995.92,797.49,59.46
S0095,2019-10-23,820.66,950.6,761.2,59.46
S0095,2019-10-24,793.56,916.76,734.1,59.46
S0095,2019-10-25,1466.09,1756.63,1406.63,59.46
S0095,2019-10-26,1030.67,1212.87,971.21,59.46
S0095,2019-10-27,933.38,1091.37,873.92,59.46
S0095,2019-10-28,945.38,1106.35,885.92,59.46
S0095,2019-10-29,963.72,1129.26,904.26,59.46
S0095,2019-10-30,897.73,1046.85,838.27,59.46
S0095,2019-10-31,1060.17,1249.71,1000.71,59.46
S0003,2019-10-01,129.56,105.74,84.67,44.89
S0003,2019-10-02,199.08,192.56,154.19,44.89
S0003,2019-10-03,152.94,134.93,108.05,44.89
S0003,2019-10-04,154.22,136.53,109.33,44.89
S0003,2019-10-05,175.39,162.97,130.5,44.89
S0003,2019-10-06,208.02,203.72,163.13,44.89
S0003,2019-10-07,126.34,101.72,81.45,44.89
S0003,2019-10-08,235.37,237.88,190.48,44.89
S0003,2019-10-09,185.68,175.82,140.79,44.89
S0003,2019-10-10,142.71,122.16,97.82,44.89
S0003,2019-10-11,103.23,72.86,58.34,44.89
S0003,2019-10-12,371.78,408.23,326.89,44.89
S0003,2019-10-13,445.34,500.09,400.45,44.89
S0003,2019-10-14,209.5,205.57,164.61,44.89
S0003,2019-10-15,183.79,173.46,138.9,44.89
S0003,2019-10-16,267.95,278.56,223.06,44.89
S0003,2019-10-17,96.47,64.41,51.58,44.89
S0003,2019-10-18,241.03,244.94,196.14,44.89
S0003,2019-10-19,184.36,174.17,139.47,44.89
S0003,2019-10-20,225.4,225.42,180.51,44.89
S0003,2019-10-21,161.09,145.11,116.2,44.89
S0003,2019-10-22,149.53,130.68,104.64,44.89
S0003,2019-10-23,159.54,143.18,114.65,44.89
S0003,2019-10-24,116.39,89.29,71.5,44.89
S0003,2019-10-25,126.56,101.99,81.67,44.89
S0003,2019-10-26,133.4,110.53,88.51,44.89
S0003,2019-10-27,125.25,100.36,80.36,44.89
S0003,2019-10-28,111.34,82.98,66.45,44.89
S0003,2019-10-29,118.63,92.09,73.74,44.89
S0003,2019-10-30,167.27,152.83,122.38,44.89
S0003,2019-10-31,195.7,188.33,150.81,44.89
S0014,2019-10-01,223.36,244.36,195.67,27.69
S0014,2019-10-02,214.71,233.55,187.02,27.69
S0014,2019-10-03,173.8,182.47,146.11,27.69
S0014,2019-10-04,165.0,171.48,137.31,27.69
S0014,2019-10-05,258.42,288.14,230.73,27.69
S0014,2019-10-06,345.42,396.79,317.73,27.69
S0014,2019-10-07,160.47,165.82,132.78,27.69
S0014,2019-10-08,200.15,215.37,172.46,27.69
S0014,2019-10-09,141.41,142.02,113.72,27.69
S0014,2019-10-10,173.77,182.43,146.08,27.69
S0014,2019-10-11,276.51,310.73,248.82,27.69
S0014,2019-10-12,221.22,241.68,193.53,27.69
S0014,2019-10-13,261.36,291.81,233.67,27.69
S0014,2019-10-14,218.09,237.78,190.4,27.69
S0014,2019-10-15,207.81,224.94,180.12,27.69
S0014,2019-10-16,241.73,267.3,214.04,27.69
S0014,2019-10-17,212.72,231.07,185.03,27.69
S0014,2019-10-18,284.26,320.41,256.57,27.69
S0014,2019-10-19,302.16,342.76,274.47,27.69
S0014,2019-10-20,225.79,247.39,198.1,27.69
S0014,2019-10-21,325.65,372.1,297.96,27.69
S0014,2019-10-22,159.6,164.73,131.91,27.69
S0014,2019-10-23,109.0,101.54,81.31,27.69
S0014,2019-10-24,184.45,195.76,156.76,27.69
S0014,2019-10-25,262.15,292.8,234.46,27.69
S0014,2019-10-26,264.86,296.18,237.17,27.69
S0014,2019-10-27,313.31,356.69,285.62,27.69
S0014,2019-10-28,120.63,116.07,92.94,27.69
S0014,2019-10-29,168.18,175.45,140.49,27.69
S0014,2019-10-30,150.11,152.88,122.42,27.69
S0014,2019-10-31,109.93,102.7,82.24,27.69
S0016,2019-10-01,83.84,77.63,62.16,21.68
S0016,2019-10-02,105.37,104.51,83.69,21.68
S0016,2019-10-03,84.14,78.0,62.46,21.68
S0016,2019-10-04,119.15,121.72,97.47,21.68
S0016,2019-10-05,152.56,163.45,130.88,21.68
S0016,2019-10-06,96.8,93.81,75.12,21.68
S0016,2019-10-07,190.19,210.44,168.51,21.68
S0016,2019-10-08,209.78,234.9,188.1,21.68
S0016,2019-10-09,162.44,175.78,140.76,21.68
S0016,2019-10-10,120.42,123.31,98.74,21.68
S0016,2019-10-11,153.47,164.58,131.79,21.68
S0016,2019-10-12,282.82,326.12,261.14,21.68
S0016,2019-10-13,221.55,249.6,199.87,21.68
S0016,2019-10-14,192.81,213.71,171.13,21.68
S0016,2019-10-15,153.76,164.94,132.08,21.68
S0016,2019-10-16,191.52,212.1,169.84,21.68
S0016,2019-10-17,116.59,118.53,94.91,21.68
S0016,2019-10-18,177.16,194.17,155.48,21.68
S0016,2019-10-19,174.19,190.46,152.51,21.68
S0016,2019-10-20,104.52,103.45,82.84,21.68
S0016,2019-10-21,111.67,112.38,89.99,21.68
S0016,2019-10-22,70.73,61.25,49.05,21.68
S0016,2019-10-23,109.99,110.28,88.31,21.68
S0016,2019-10-24,106.43,105.84,84.75,21.68
S0016,2019-10-25,82.6,76.08,60.92,21.68
S0016,2019-10-26,186.87,206.29,165.19,21.68
S0016,2019-10-27,132.44,138.32,110.76,21.68
S0016,2019-10-28,95.5,92.19,73.82,21.68
S0016,2019-10-29,87.12,81.72,65.44,21.68
S0016,2019-10-30,103.22,101.83,81.54,21.68
S0016,2019-10-31,46.01,30.38,24.33,21.68
S0030,2019-10-01,44.46,31.07,24.88,19.58
S0030,2019-10-02,39.57,24.96,19.99,19.58
S0030,2019-10-03,52.92,41.64,33.34,19.58
S0030,2019-10-04,103.44,104.73,83.86,19.58
S0030,2019-10-05,140.61,151.14,121.03,19.58
S0030,2019-10-06,95.4,94.69,75.82,19.58
S0030,2019-10-07,44.06,30.57,24.48,19.58
S0030,2019-10-08,60.81,51.49,41.23,19.58
S0030,2019-10-09,40.45,26.06,20.87,19.58
S0030,2019-10-10,37.64,22.55,18.06,19.58
S0030,2019-10-11,74.9,69.08,55.32,19.58
S0030,2019-10-12,102.22,103.2,82.64,19.58
S0030,2019-10-13,109.78,112.64,90.2,19.58
S0030,2019-10-14,86.46,83.52,66.88,19.58
S0030,2019-10-15,62.23,53.26,42.65,19.58
S0030,2019-10-16,66.41,58.48,46.83,19.58
S0030,2019-10-17,92.0,90.44,72.42,19.58
S0030,2019-10-18,101.5,102.3,81.92,19.58
S0030,2019-10-19,125.44,132.2,105.86,19.58
S0030,2019-10-20,98.76,98.88,79.18,19.58
S0030,2019-10-21,56.03,45.52,36.45,19.58
S0030,2019-10-22,51.93,40.4,32.35,19.58
S0030,2019-10-23,63.35,54.66,43.77,19.58
S0030,2019-10-24,43.4,29.75,23.82,19.58
S0030,2019-10-25,43.33,29.66,23.75,19.58
S0030,2019-10-26,58.06,48.05,38.48,19.58
S0030,2019-10-27,56.29,45.84,36.71,19.58
S0030,2019-10-28,70.6,63.71,51.02,19.58
S0030,2019-10-29,32.96,16.71,13.38,19.58
S0030,2019-10-30,48.43,36.03,28.85,19.58
S0030,2019-10-31,36.69,21.37,17.11,19.58
S0032,2019-10-01,134.62,130.95,104.86,29.76
S0032,2019-10-02,162.39,165.63,132.63,29.76
S0032,2019-10-03,105.48,94.56,75.72,29.76
S0032,2019-10-04,348.68,398.27,318.92,29.76
S0032,2019-10-05,129.44,124.48,99.68,29.76
S0032,2019-10-06,143.69,142.28,113.93,29.76
S0032,2019-10-07,143.63,142.2,113.87,29.76
S0032,2019-10-08,86.07,70.32,56.31,29.76
S0032,2019-10-09,116.83,108.73,87.07,29.76
S0032,2019-10-10,227.67,247.15,197.91,29.76
S0032,2019-10-11,123.85,117.5,94.09,29.76
S0032,2019-10-12,188.99,198.85,159.23,29.76
S0032,2019-10-13,121.87,115.03,92.11,29.76
S0032,2019-10-14,96.96,83.92,67.2,29.76
S0032,2019-10-15,128.72,123.58,98.96,29.76
S0032,2019-10-16,157.03,158.94,127.27,29.76
S0032,2019-10-17,118.2,110.45,88.44,29.76
S0032,2019-10-18,81.19,64.23,51.43,29.76
S0032,2019-10-19,138.83,136.21,109.07,29.76
S0032,2019-10-20,115.99,107.69,86.23,29.76
S0032,2019-10-21,148.43,148.2,118.67,29.76
S0032,2019-10-22,88.73,73.64,58.97,29.76
S0032,2019-10-23,56.96,33.97,27.2,29.76
S0032,2019-10-24,81.06,64.06,51.3,29.76
S0032,2019-10-25,126.39,120.67,96.63,29.76
S0032,2019-10-26,120.15,112.88,90.39,29.76
S0032,2019-10-27,116.38,108.17,86.62,29.76
S0032,2019-10-28,75.18,56.72,45.42,29.76
S0032,2019-10-29,69.59,49.74,39.83,29.76
S0032,2019-10-30,91.66,77.3,61.9,29.76
S0032,2019-10-31,68.92,48.9,39.16,29.76
S0039,2019-10-01,157.73,166.84,133.6,24.13
S0039,2019-10-02,131.32,133.86,107.19,24.13
S0039,2019-10-03,147.68,154.29,123.55,24.13
S0039,2019-10-04,52.56,35.5,28.43,24.13
S0039,2019-10-05,316.57,365.2,292.44,24.13
S0039,2019-10-06,176.67,190.49,152.54,24.13
S0039,2019-10-07,121.54,121.65,97.41,24.13
S0039,2019-10-08,130.65,133.02,106.52,24.13
S0039,2019-10-09,136.66,140.53,112.53,24.13
S0039,2019-10-10,167.13,178.58,143.0,24.13
S0039,2019-10-11,121.0,120.97,96.87,24.13
S0039,2019-10-12,194.35,212.57,170.22,24.13
S0039,2019-10-13,180.42,195.18,156.29,24.13
S0039,2019-10-14,116.42,115.25,92.29,24.13
S0039,2019-10-15,112.7,110.61,88.57,24.13
S0039,2019-10-16,114.14,112.41,90.01,24.13
S0039,2019-10-17,143.41,148.96,119.28,24.13
S0039,2019-10-18,138.82,143.23,114.69,24.13
S0039,2019-10-19,108.98,105.96,84.85,24.13
S0039,2019-10-20,137.36,141.4,113.23,24.13
S0039,2019-10-21,121.92,122.12,97.79,24.13
S0039,2019-10-22,58.41,42.81,34.28,24.13
S0039,2019-10-23,91.16,83.71,67.03,24.13
S0039,2019-10-24,116.99,115.97,92.86,24.13
S0039,2019-10-25,97.94,92.18,73.81,24.13
S0039,2019-10-26,147.55,154.13,123.42,24.13
S0039,2019-10-27,110.51,107.87,86.38,24.13
S0039,2019-10-28,181.23,196.19,157.1,24.13
S0039,2019-10-29,170.93,183.33,146.8,24.13
S0039,2019-10-30,94.45,87.82,70.32,24.13
S0039,2019-10-31,55.99,39.79,31.86,24.13
S0059,2019-10-01,135.41,114.54,91.72,43.69
S0059,2019-10-02,187.45,179.53,143.76,43.69
S0059,2019-10-03,211.59,209.68,167.9,43.69
S0059,2019-10-04,128.69,106.15,85.0,43.69
S0059,2019-10-05,305.58,327.05,261.89,43.69
S0059,2019-10-06,164.99,151.48,121.3,43.69
S0059,2019-10-07,222.55,223.36,178.86,43.69
S0059,2019-10-08,104.05,75.38,60.36,43.69
S0059,2019-10-09,172.42,160.76,128.73,43.69
S0059,2019-10-10,178.73,168.64,135.04,43.69
S0059,2019-10-11,207.19,204.18,163.5,43.69
S0059,2019-10-12,221.87,222.51,178.18,43.69
S0059,2019-10-13,267.11,279.01,223.42,43.69
S0059,2019-10-14,180.78,171.2,137.09,43.69
S0059,2019-10-15,165.01,151.51,121.32,43.69
S0059,2019-10-16,131.96,110.23,88.27,43.69
S0059,2019-10-17,174.65,163.55,130.96,43.69
S0059,2019-10-18,110.84,83.86,67.15,43.69
S0059,2019-10-19,279.05,293.92,235.36,43.69
S0059,2019-10-20,215.63,214.72,171.94,43.69
S0059,2019-10-21,180.29,170.59,136.6,43.69
S0059,2019-10-22,107.07,79.15,63.38,43.69
S0059,2019-10-23,84.83,51.38,41.14,43.69
S0059,2019-10-24,140.87,121.36,97.18,43.69
S0059,2019-10-25,113.37,87.02,69.68,43.69
S0059,2019-10-26,170.11,157.88,126.42,43.69
S0059,2019-10-27,151.17,134.22,107.48,43.69
S0059,2019-10-28,135.74,114.95,92.05,43.69
S0059,2019-10-29,129.12,106.69,85.43,43.69
S0059,2019-10-30,109.49,82.17,65.8,43.69
S0059,2019-10-31,147.42,129.54,103.73,43.69
S0068,2019-10-01,60.72,43.22,34.61,26.11
S0068,2019-10-02,64.43,47.85,38.32,26.11
S0068,2019-10-03,93.19,83.77,67.08,26.11
S0068,2019-10-04,67.87,52.15,41.76,26.11
S0068,2019-10-05,143.24,146.27,117.13,26.11
S0068,2019-10-06,140.58,142.95,114.47,26.11
S0068,2019-10-07,59.14,41.25,33.03,26.11
S0068,2019-10-08,87.09,76.15,60.98,26.11
S0068,2019-10-09,89.53,79.2,63.42,26.11
S0068,2019-10-10,118.16,114.95,92.05,26.11
S0068,2019-10-11,85.05,73.61,58.94,26.11
S0068,2019-10-12,110.11,104.9,84.0,26.11
S0068,2019-10-13,113.65,109.32,87.54,26.11
S0068,2019-10-14,189.7,204.29,163.59,26.11
S0068,2019-10-15,111.43,106.55,85.32,26.11
S0068,2019-10-16,70.69,55.67,44.58,26.11
S0068,2019-10-17,68.39,52.8,42.28,26.11
S0068,2019-10-18,86.94,75.97,60.83,26.11
S0068,2019-10-19,82.99,71.03,56.88,26.11
S0068,2019-10-20,57.85,39.64,31.74,26.11
S0068,2019-10-21,49.31,28.97,23.2,26.11
S0068,2019-10-22,77.51,64.19,51.4,26.11
S0068,2019-10-23,126.64,125.54,100.53,26.11
S0068,2019-10-24,100.18,92.5,74.07,26.11
S0068,2019-10-25,97.69,89.39,71.58,26.11
S0068,2019-10-26,86.62,75.57,60.51,26.11
S0068,2019-10-27,109.31,103.9,83.2,26.11
S0068,2019-10-28,38.4,15.35,12.29,26.11
S0068,2019-10-29,65.04,48.62,38.93,26.11
S0068,2019-10-30,133.31,133.87,107.2,26.11
S0068,2019-10-31,71.59,56.8,45.48,26.11
S0071,2019-10-01,343.88,327.35,262.13,81.75
S0071,2019-10-02,224.65,178.46,142.9,81.75
S0071,2019-10-03,458.63,470.66,376.88,81.75
S0071,2019-10-04,342.35,325.44,260.6,81.75
S0071,2019-10-05,406.45,405.49,324.7,81.75
S0071,2019-10-06,382.61,375.72,300.86,81.75
S0071,2019-10-07,267.87,232.43,186.12,81.75
S0071,2019-10-08,319.77,297.24,238.02,81.75
S0071,2019-10-09,368.05,357.54,286.3,81.75
S0071,2019-10-10,376.15,367.65,294.4,81.75
S0071,2019-10-11,366.32,355.38,284.57,81.75
S0071,2019-10-12,396.1,392.57,314.35,81.75
S0071,2019-10-13,376.28,367.81,294.53,81.75
S0071,2019-10-14,339.62,322.03,257.87,81.75
S0071,2019-10-15,312.53,288.2,230.78,81.75
S0071,2019-10-16,217.04,168.95,135.29,81.75
S0071,2019-10-17,296.94,268.73,215.19,81.75
S0071,2019-10-18,294.29,265.42,212.54,81.75
S0071,2019-10-19,430.67,435.74,348.92,81.75
S0071,2019-10-20,368.48,358.07,286.73,81.75
S0071,2019-10-21,292.62,263.34,210.87,81.75
S0071,2019-10-22,342.83,326.04,261.08,81.75
S0071,2019-10-23,319.89,297.39,238.14,81.75
S0071,2019-10-24,226.43,180.68,144.68,81.75
S0071,2019-10-25,289.72,259.72,207.97,81.75
S0071,2019-10-26,289.8,259.82,208.05,81.75
S0071,2019-10-27,254.3,215.48,172.55,81.75
S0071,2019-10-28,278.77,246.04,197.02,81.75
S0071,2019-10-29,274.15,240.27,192.4,81.75
S0071,2019-10-30,306.38,280.52,224.63,81.75
S0071,2019-10-31,307.25,281.61,225.5,81.75
S0076,2019-10-01,161.71,85.12,68.16,93.55
S0076,2019-10-02,214.03,150.46,120.48,93.55
S0076,2019-10-03,176.68,103.81,83.13,93.55
S0076,2019-10-04,221.21,159.42,127.66,93.55
S0076,2019-10-05,193.19,124.43,99.64,93.55
S0076,2019-10-06,187.15,116.89,93.6,93.55
S0076,2019-10-07,210.99,146.66,117.44,93.55
S0076,2019-10-08,205.43,139.72,111.88,93.55
S0076,2019-10-09,191.58,122.42,98.03,93.55
S0076,2019-10-10,184.0,112.96,90.45,93.55
S0076,2019-10-11,303.07,261.65,209.52,93.55
S0076,2019-10-12,236.42,178.42,142.87,93.55
S0076,2019-10-13,194.83,126.48,101.28,93.55
S0076,2019-10-14,237.65,179.95,144.1,93.55
S0076,2019-10-15,182.94,111.63,89.39,93.55
S0076,2019-10-16,216.58,153.64,123.03,93.55
S0076,2019-10-17,221.17,159.37,127.62,93.55
S0076,2019-10-18,234.19,175.63,140.64,93.55
S0076,2019-10-19,140.49,58.62,46.94,93.55
S0076,2019-10-20,203.82,137.71,110.27,93.55
S0076,2019-10-21,193.63,124.98,100.08,93.55
S0076,2019-10-22,269.77,220.07,176.22,93.55
S0076,2019-10-23,228.79,168.89,135.24,93.55
S0076,2019-10-24,171.21,96.98,77.66,93.55
S0076,2019-10-25,198.34,130.86,104.79,93.55
S0076,2019-10-26,181.32,109.61,87.77,93.55
S0076,2019-10-27,187.58,117.43,94.03,93.55
S0076,2019-10-28,156.01,78.0,62.46,93.55
S0076,2019-10-29,164.05,88.04,70.5,93.55
S0076,2019-10-30,186.49,116.07,92.94,93.55
S0076,2019-10-31,142.8,61.5,49.25,93.55
S0077,2019-10-01,41.58,42.22,33.81,7.77
S0077,2019-10-02,44.04,45.29,36.27,7.77
S0077,2019-10-03,84.86,96.27,77.09,7.77
S0077,2019-10-04,81.54,92.13,73.77,7.77
S0077,2019-10-05,100.28,115.53,92.51,7.77
S0077,2019-10-06,108.91,126.31,101.14,7.77
S0077,2019-10-07,166.21,197.86,158.44,7.77
S0077,2019-10-08,30.57,28.47,22.8,7.77
S0077,2019-10-09,72.67,81.05,64.9,7.77
S0077,2019-10-10,59.39,64.46,51.62,7.77
S0077,2019-10-11,38.83,38.79,31.06,7.77
S0077,2019-10-12,67.39,74.45,59.62,7.77
S0077,2019-10-13,90.15,102.88,82.38,7.77
S0077,2019-10-14,40.44,40.8,32.67,7.77
S0077,2019-10-15,114.97,133.87,107.2,7.77
S0077,2019-10-16,24.49,20.88,16.72,7.77
S0077,2019-10-17,65.64,72.27,57.87,7.77
S0077,2019-10-18,101.11,116.56,93.34,7.77
S0077,2019-10-19,52.84,56.28,45.07,7.77
S0077,2019-10-20,88.8,101.19,81.03,7.77
S0077,2019-10-21,68.33,75.63,60.56,7.77
S0077,2019-10-22,36.91,36.39,29.14,7.77
S0077,2019-10-23,84.52,95.85,76.75,7.77
S0077,2019-10-24,49.48,52.09,41.71,7.77
S0077,2019-10-25,59.52,64.63,51.75,7.77
S0077,2019-10-26,76.58,85.93,68.81,7.77
S0077,2019-10-27,97.46,112.01,89.69,7.77
S0077,2019-10-28,83.76,94.9,75.99,7.77
S0077,2019-10-29,101.35,116.86,93.58,7.77
S0077,2019-10-30,71.78,79.94,64.01,7.77
S0077,2019-10-31,26.96,23.96,19.19,7.77
S0080,2019-10-01,240.52,235.93,188.92,51.6
S0080,2019-10-02,248.83,246.3,197.23,51.6
S0080,2019-10-03,240.13,235.44,188.53,51.6
S0080,2019-10-04,305.79,317.44,254.19,51.6
S0080,2019-10-05,379.33,409.28,327.73,51.6
S0080,2019-10-06,220.73,211.21,169.13,51.6
S0080,2019-10-07,238.9,233.9,187.3,51.6
S0080,2019-10-08,248.84,246.32,197.24,51.6
S0080,2019-10-09,514.01,577.47,462.41,51.6
S0080,2019-10-10,306.98,318.92,255.38,51.6
S0080,2019-10-11,342.44,363.21,290.84,51.6
S0080,2019-10-12,442.87,488.63,391.27,51.6
S0080,2019-10-13,340.38,360.63,288.78,51.6
S0080,2019-10-14,326.67,343.51,275.07,51.6
S0080,2019-10-15,368.72,396.03,317.12,51.6
S0080,2019-10-16,307.28,319.3,255.68,51.6
S0080,2019-10-17,238.43,233.32,186.83,51.6
S0080,2019-10-18,250.78,248.74,199.18,51.6
S0080,2019-10-19,244.41,240.78,192.81,51.6
S0080,2019-10-20,199.23,184.36,147.63,51.6
S0080,2019-10-21,281.32,286.88,229.72,51.6
S0080,2019-10-22,238.22,233.05,186.62,51.6
S0080,2019-10-23,269.06,271.57,217.46,51.6
S0080,2019-10-24,218.68,208.65,167.08,51.6
S0080,2019-10-25,240.16,235.48,188.56,51.6
S0080,2019-10-26,326.62,343.45,275.02,51.6
S0080,2019-10-27,197.92,182.73,146.32,51.6
S0080,2019-10-28,168.59,146.1,116.99,51.6
S0080,2019-10-29,266.15,267.93,214.55,51.6
S0080,2019-10-30,192.77,176.3,141.17,51.6
S0080,2019-10-31,271.47,274.58,219.87,51.6
S0086,2019-10-01,43.91,37.98,30.41,13.5
S0086,2019-10-02,13.96,0.57,0.46,13.5
S0086,2019-10-03,31.26,22.18,17.76,13.5
S0086,2019-10-04,41.14,34.52,27.64,13.5
S0086,2019-10-05,78.87,81.64,65.37,13.5
S0086,2019-10-06,41.02,34.37,27.52,13.5
S0086,2019-10-07,45.72,40.24,32.22,13.5
S0086,2019-10-08,26.71,16.5,13.21,13.5
S0086,2019-10-09,59.29,57.18,45.79,13.5
S0086,2019-10-10,27.43,17.4,13.93,13.5
S0086,2019-10-11,71.39,72.29,57.89,13.5
S0086,2019-10-12,81.11,84.43,67.61,13.5
S0086,2019-10-13,62.44,61.12,48.94,13.5
S0086,2019-10-14,52.97,49.29,39.47,13.5
S0086,2019-10-15,110.63,121.3,97.13,13.5
S0086,2019-10-16,66.72,66.46,53.22,13.5
S0086,2019-10-17,27.9,17.98,14.4,13.5
S0086,2019-10-18,30.8,21.6,17.3,13.5
S0086,2019-10-19,42.86,36.67,29.36,13.5
S0086,2019-10-20,55.69,52.69,42.19,13.5
S0086,2019-10-21,31.01,21.87,17.51,13.5
S0086,2019-10-22,30.37,21.07,16.87,13.5
S0086,2019-10-23,66.91,66.7,53.41,13.5
S0086,2019-10-24,23.19,12.1,9.69,13.5
S0086,2019-10-25,85.76,90.24,72.26,13.5
S0086,2019-10-26,40.62,33.87,27.12,13.5
S0086,2019-10-27,55.7,52.7,42.2,13.5
S0086,2019-10-28,59.34,57.25,45.84,13.5
S0086,2019-10-29,29.47,19.94,15.97,13.5
S0086,2019-10-30,20.17,8.33,6.67,13.5
S0086,2019-10-31,40.54,33.77,27.04,13.5
S0088,2019-10-01,356.39,395.53,316.72,39.67
S0088,2019-10-02,116.71,96.21,77.04,39.67
S0088,2019-10-03,135.49,119.66,95.82,39.67
S0088,2019-10-04,204.45,205.78,164.78,39.67
S0088,2019-10-05,251.06,263.99,211.39,39.67
S0088,2019-10-06,205.63,207.25,165.96,39.67
S0088,2019-10-07,125.32,106.96,85.65,39.67
S0088,2019-10-08,121.17,101.78,81.5,39.67
S0088,2019-10-09,87.71,59.99,48.04,39.67
S0088,2019-10-10,115.74,95.0,76.07,39.67
S0088,2019-10-11,182.68,178.59,143.01,39.67
S0088,2019-10-12,222.87,228.78,183.2,39.67
S0088,2019-10-13,284.09,305.24,244.42,39.67
S0088,2019-10-14,125.28,106.91,85.61,39.67
S0088,2019-10-15,115.12,94.22,75.45,39.67
S0088,2019-10-16,199.8,199.97,160.13,39.67
S0088,2019-10-17,239.05,248.99,199.38,39.67
S0088,2019-10-18,218.54,223.38,178.87,39.67
S0088,2019-10-19,197.0,196.48,157.33,39.67
S0088,2019-10-20,340.11,375.2,300.44,39.67
S0088,2019-10-21,136.19,120.54,96.52,39.67
S0088,2019-10-22,193.69,192.34,154.02,39.67
S0088,2019-10-23,60.63,26.18,20.96,39.67
S0088,2019-10-24,101.44,77.14,61.77,39.67
S0088,2019-10-25,150.79,138.77,111.12,39.67
S0088,2019-10-26,175.59,169.74,135.92,39.67
S0088,2019-10-27,228.3,235.56,188.63,39.67
S0088,2019-10-28,131.32,114.45,91.65,39.67
S0088,2019-10-29,110.01,87.84,70.34,39.67
S0088,2019-10-30,138.86,123.87,99.19,39.67
S0088,2019-10-31,188.81,186.25,149.14,39.67
S0089,2019-10-01,39.75,24.69,19.77,19.98
S0089,2019-10-02,55.06,43.81,35.08,19.98
S0089,2019-10-03,34.23,17.8,14.25,19.98
S0089,2019-10-04,69.34,61.64,49.36,19.98
S0089,2019-10-05,97.69,97.05,77.71,19.98
S0089,2019-10-06,68.78,60.94,48.8,19.98
S0089,2019-10-07,39.43,24.29,19.45,19.98
S0089,2019-10-08,41.76,27.2,21.78,19.98
S0089,2019-10-09,34.47,18.1,14.49,19.98
S0089,2019-10-10,31.56,14.46,11.58,19.98
S0089,2019-10-11,72.86,66.04,52.88,19.98
S0089,2019-10-12,141.52,151.78,121.54,19.98
S0089,2019-10-13,74.53,68.12,54.55,19.98
S0089,2019-10-14,243.2,278.76,223.22,19.98
S0089,2019-10-15,78.0,72.46,58.02,19.98
S0089,2019-10-16,75.29,69.07,55.31,19.98
S0089,2019-10-17,50.45,38.05,30.47,19.98
S0089,2019-10-18,23.64,4.57,3.66,19.98
S0089,2019-10-19,48.58,35.72,28.6,19.98
S0089,2019-10-20,42.7,28.37,22.72,19.98
S0089,2019-10-21,64.82,56.0,44.84,19.98
S0089,2019-10-22,32.34,15.44,12.36,19.98
S0089,2019-10-23,32.65,15.82,12.67,19.98
S0089,2019-10-24,37.66,22.08,17.68,19.98
S0089,2019-10-25,61.56,51.93,41.58,19.98
S0089,2019-10-26,71.75,64.65,51.77,19.98
S0089,2019-10-27,71.09,63.83,51.11,19.98
S0089,2019-10-28,87.88,84.79,67.9,19.98
S0089,2019-10-29,31.87,14.85,11.89,19.98
S0089,2019-10-30,79.14,73.88,59.16,19.98
S0089,2019-10-31,49.16,36.44,29.18,19.98
S0099,2019-10-01,52.12,38.74,31.02,21.1
S0099,2019-10-02,57.07,44.92,35.97,21.1
S0099,2019-10-03,128.48,134.1,107.38,21.1
S0099,2019-10-04,85.14,79.97,64.04,21.1
S0099,2019-10-05,125.85,130.81,104.75,21.1
S0099,2019-10-06,93.81,90.8,72.71,21.1
S0099,2019-10-07,61.74,50.75,40.64,21.1
S0099,2019-10-08,36.79,19.59,15.69,21.1
S0099,2019-10-09,104.17,103.74,83.07,21.1
S0099,2019-10-10,46.34,31.52,25.24,21.1
S0099,2019-10-11,54.56,41.79,33.46,21.1
S0099,2019-10-12,102.94,102.2,81.84,21.1
S0099,2019-10-13,127.21,132.51,106.11,21.1
S0099,2019-10-14,88.81,84.56,67.71,21.1
S0099,2019-10-15,129.94,135.92,108.84,21.1
S0099,2019-10-16,76.16,68.76,55.06,21.1
S0099,2019-10-17,48.32,33.99,27.22,21.1
S0099,2019-10-18,61.18,50.05,40.08,21.1
S0099,2019-10-19,73.7,65.69,52.6,21.1
S0099,2019-10-20,45.26,30.17,24.16,21.1
S0099,2019-10-21,43.18,27.57,22.08,21.1
S0099,2019-10-22,111.83,113.31,90.73,21.1
S0099,2019-10-23,82.51,76.69,61.41,21.1
S0099,2019-10-24,69.89,60.93,48.79,21.1
S0099,2019-10-25,89.01,84.81,67.91,21.1
S0099,2019-10-26,98.5,96.66,77.4,21.1
S0099,2019-10-27,109.49,110.38,88.39,21.1
S0099,2019-10-28,67.34,57.75,46.24,21.1
S0099,2019-10-29,89.12,84.94,68.02,21.1
S0099,2019-10-30,99.96,98.48,78.86,21.1
S0099,2019-10-31,39.58,23.08,18.48,21.1
S0109,2019-10-01,351.4,199.65,159.87,191.53
S0109,2019-10-02,323.8,165.18,132.27,191.53
S0109,2019-10-03,274.1,103.12,82.57,191.53
S0109,2019-10-04,307.5,144.83,115.97,191.53
S0109,2019-10-05,335.2,179.42,143.67,191.53
S0109,2019-10-06,355.92,205.29,164.39,191.53
S0109,2019-10-07,267.01,94.26,75.48,191.53
S0109,2019-10-08,384.73,241.27,193.2,191.53
S0109,2019-10-09,219.26,34.63,27.73,191.53
S0109,2019-10-10,252.11,75.65,60.58,191.53
S0109,2019-10-11,282.26,113.31,90.73,191.53
S0109,2019-10-12,319.32,159.59,127.79,191.53
S0109,2019-10-13,412.5,275.95,220.97,191.53
S0109,2019-10-14,290.49,123.58,98.96,191.53
S0109,2019-10-15,272.45,101.05,80.92,191.53
S0109,2019-10-16,332.09,175.53,140.56,191.53
S0109,2019-10-17,320.36,160.89,128.83,191.53
S0109,2019-10-18,277.16,106.94,85.63,191.53
S0109,2019-10-19,292.24,125.77,100.71,191.53
S0109,2019-10-20,347.15,194.34,155.62,191.53
S0109,2019-10-21,273.27,102.08,81.74,191.53
S0109,2019-10-22,343.86,190.23,152.33,191.53
S0109,2019-10-23,276.76,106.44,85.23,191.53
S0109,2019-10-24,286.72,118.88,95.19,191.53
S0109,2019-10-25,291.19,124.46,99.66,191.53
S0109,2019-10-26,308.91,146.59,117.38,191.53
S0109,2019-10-27,402.25,263.15,210.72,191.53
S0109,2019-10-28,321.08,161.78,129.55,191.53
S0109,2019-10-29,282.76,113.93,91.23,191.53
S0109,2019-10-30,249.61,72.53,58.08,191.53
S0109,2019-10-31,260.02,85.53,68.49,191.53
S0120,2019-10-01,19.17,12.84,10.28,8.89
S0120,2019-10-02,95.51,108.17,86.62,8.89
S0120,2019-10-03,41.34,40.52,32.45,8.89
S0120,2019-10-04,45.68,45.94,36.79,8.89
S0120,2019-10-05,93.67,105.87,84.78,8.89
S0120,2019-10-06,98.46,111.86,89.57,8.89
S0120,2019-10-07,41.66,40.92,32.77,8.89
S0120,2019-10-08,44.51,44.48,35.62,8.89
S0120,2019-10-09,60.93,64.99,52.04,8.89
S0120,2019-10-10,21.81,16.13,12.92,8.89
S0120,2019-10-11,61.03,65.11,52.14,8.89
S0120,2019-10-12,113.29,130.38,104.4,8.89
S0120,2019-10-13,88.03,98.83,79.14,8.89
S0120,2019-10-14,94.79,107.27,85.9,8.89
S0120,2019-10-15,51.66,53.41,42.77,8.89
S0120,2019-10-16,62.78,67.3,53.89,8.89
S0120,2019-10-17,73.92,81.21,65.03,8.89
S0120,2019-10-18,71.09,77.68,62.2,8.89
S0120,2019-10-19,47.0,47.59,38.11,8.89
S0120,2019-10-20,81.14,90.23,72.25,8.89
S0120,2019-10-21,80.59,89.54,71.7,8.89
S0120,2019-10-22,18.52,12.03,9.63,8.89
S0120,2019-10-23,58.43,61.87,49.54,8.89
S0120,2019-10-24,64.02,68.85,55.13,8.89
S0120,2019-10-25,14.01,6.39,5.12,8.89
S0120,2019-10-26,143.81,168.49,134.92,8.89
S0120,2019-10-27,62.29,66.69,53.4,8.89
S0120,2019-10-28,258.08,311.19,249.19,8.89
S0120,2019-10-29,55.09,57.7,46.2,8.89
S0120,2019-10-30,106.39,121.76,97.5,8.89
S0120,2019-10-31,64.88,69.92,55.99,8.89
S0141,2019-10-01,67.9,76.53,61.28,6.62
S0141,2019-10-02,111.07,130.44,104.45,6.62
S0141,2019-10-03,139.29,165.68,132.67,6.62
S0141,2019-10-04,76.23,86.93,69.61,6.62
S0141,2019-10-05,82.09,94.25,75.47,6.62
S0141,2019-10-06,6.62,0.0,0.0,6.62
S0141,2019-10-07,112.09,131.71,105.47,6.62
S0141,2019-10-08,61.44,68.46,54.82,6.62
S0141,2019-10-09,93.62,108.65,87.0,6.62
S0141,2019-10-10,56.39,62.15,49.77,6.62
S0141,2019-10-11,30.23,29.48,23.61,6.62
S0141,2019-10-12,59.24,65.71,52.62,6.62
S0141,2019-10-13,6.62,0.0,0.0,6.62
S0141,2019-10-14,107.31,125.74,100.69,6.62
S0141,2019-10-15,57.58,63.64,50.96,6.62
S0141,2019-10-16,54.36,59.62,47.74,6.62
S0141,2019-10-17,35.58,36.17,28.96,6.62
S0141,2019-10-18,40.12,41.84,33.5,6.62
S0141,2019-10-19,54.94,60.34,48.32,6.62
S0141,2019-10-20,6.62,0.0,0.0,6.62
S0141,2019-10-21,63.59,71.15,56.97,6.62
S0141,2019-10-22,48.64,52.48,42.02,6.62
S0141,2019-10-23,48.3,52.05,41.68,6.62
S0141,2019-10-24,49.56,53.62,42.94,6.62
S0141,2019-10-25,84.8,97.63,78.18,6.62
S0141,2019-10-26,71.8,81.4,65.18,6.62
S0141,2019-10-27,6.62,0.0,0.0,6.62
S0141,2019-10-28,27.55,26.14,20.93,6.62
S0141,2019-10-29,63.8,71.41,57.18,6.62
S0141,2019-10-30,41.18,43.16,34.56,6.62
S0141,2019-10-31,120.5,142.22,113.88,6.62
S0143,2019-10-01,61.52,56.25,45.04,16.48
S0143,2019-10-02,45.0,35.62,28.52,16.48
S0143,2019-10-03,115.05,123.1,98.57,16.48
S0143,2019-10-04,120.06,129.35,103.58,16.48
S0143,2019-10-05,86.15,87.01,69.67,16.48
S0143,2019-10-06,170.16,191.92,153.68,16.48
S0143,2019-10-07,150.11,166.88,133.63,16.48
S0143,2019-10-08,87.19,88.3,70.71,16.48
S0143,2019-10-09,38.15,27.06,21.67,16.48
S0143,2019-10-10,55.14,48.28,38.66,16.48
S0143,2019-10-11,46.07,36.95,29.59,16.48
S0143,2019-10-12,131.33,143.43,114.85,16.48
S0143,2019-10-13,138.89,152.87,122.41,16.48
S0143,2019-10-14,77.37,76.04,60.89,16.48
S0143,2019-10-15,74.5,72.46,58.02,16.48
S0143,2019-10-16,168.07,189.31,151.59,16.48
S0143,2019-10-17,74.52,72.48,58.04,16.48
S0143,2019-10-18,62.29,57.21,45.81,16.48
S0143,2019-10-19,94.76,97.76,78.28,16.48
S0143,2019-10-20,61.07,55.68,44.59,16.48
S0143,2019-10-21,46.47,37.45,29.99,16.48
S0143,2019-10-22,119.2,128.28,102.72,16.48
S0143,2019-10-23,54.71,47.74,38.23,16.48
S0143,2019-10-24,44.99,35.6,28.51,16.48
S0143,2019-10-25,44.36,34.82,27.88,16.48
S0143,2019-10-26,79.84,79.13,63.36,16.48
S0143,2019-10-27,117.91,126.67,101.43,16.48
S0143,2019-10-28,60.57,55.06,44.09,16.48
S0143,2019-10-29,38.1,27.0,21.62,16.48
S0143,2019-10-30,62.14,57.02,45.66,16.48
S0143,2019-10-31,54.03,46.89,37.55,16.48
S0005,2019-10-01,133.55,111.96,89.65,43.9
S0005,2019-10-02,128.31,105.41,84.41,43.9
S0005,2019-10-03,175.85,164.78,131.95,43.9
S0005,2019-10-04,133.43,111.81,89.53,43.9
S0005,2019-10-05,196.54,190.62,152.64,43.9
S0005,2019-10-06,205.15,201.37,161.25,43.9
S0005,2019-10-07,183.93,174.87,140.03,43.9
S0005,2019-10-08,169.82,157.25,125.92,43.9
S0005,2019-10-09,88.44,55.62,44.54,43.9
S0005,2019-10-10,214.59,213.16,170.69,43.9
S0005,2019-10-11,93.05,61.38,49.15,43.9
S0005,2019-10-12,700.62,820.12,656.72,43.9
S0005,2019-10-13,1395.46,1687.85,1351.56,43.9
S0005,2019-10-14,228.68,230.76,184.78,43.9
S0005,2019-10-15,147.54,129.43,103.64,43.9
S0005,2019-10-16,153.3,136.62,109.4,43.9
S0005,2019-10-17,135.02,113.79,91.12,43.9
S0005,2019-10-18,84.52,50.73,40.62,43.9
S0005,2019-10-19,145.2,126.51,101.3,43.9
S0005,2019-10-20,212.58,210.65,168.68,43.9
S0005,2019-10-21,185.21,176.47,141.31,43.9
S0005,2019-10-22,228.02,229.93,184.12,43.9
S0005,2019-10-23,131.0,108.77,87.1,43.9
S0005,2019-10-24,185.68,177.06,141.78,43.9
S0005,2019-10-25,1522.7,1846.75,1478.8,43.9
S0005,2019-10-26,1550.71,1881.73,1506.81,43.9
S0005,2019-10-27,141.18,121.49,97.28,43.9
S0005,2019-10-28,216.71,215.81,172.81,43.9
S0005,2019-10-29,97.71,67.2,53.81,43.9
S0005,2019-10-30,109.77,82.26,65.87,43.9
S0005,2019-10-31,183.73,174.62,139.83,43.9
S0022,2019-10-01,269.22,304.64,243.94,25.28
S0022,2019-10-02,259.97,293.09,234.69,25.28
S0022,2019-10-03,246.43,276.18,221.15,25.28
S0022,2019-10-04,236.59,263.89,211.31,25.28
S0022,2019-10-05,621.81,744.96,596.53,25.28
S0022,2019-10-06,407.76,477.65,382.48,25.28
S0022,2019-10-07,371.96,432.94,346.68,25.28
S0022,2019-10-08,408.79,478.93,383.51,25.28
S0022,2019-10-09,301.69,345.19,276.41,25.28
S0022,2019-10-10,191.33,207.37,166.05,25.28
S0022,2019-10-11,291.23,332.12,265.95,25.28
S0022,2019-10-12,501.91,595.22,476.63,25.28
S0022,2019-10-13,310.37,356.03,285.09,25.28
S0022,2019-10-14,388.21,453.23,362.93,25.28
S0022,2019-10-15,282.8,321.6,257.52,25.28
S0022,2019-10-16,333.48,384.89,308.2,25.28
S0022,2019-10-17,394.0,460.46,368.72,25.28
S0022,2019-10-18,412.9,484.07,387.62,25.28
S0022,2019-10-19,374.37,435.95,349.09,25.28
S0022,2019-10-20,305.41,349.83,280.13,25.28
S0022,2019-10-21,478.24,565.67,452.96,25.28
S0022,2019-10-22,296.11,338.22,270.83,25.28
S0022,2019-10-23,324.73,373.96,299.45,25.28
S0022,2019-10-24,288.55,328.78,263.27,25.28
S0022,2019-10-25,340.81,394.04,315.53,25.28
S0022,2019-10-26,239.81,267.91,214.53,25.28
S0022,2019-10-27,228.23,253.45,202.95,25.28
S0022,2019-10-28,361.78,420.23,336.5,25.28
S0022,2019-10-29,308.76,354.02,283.48,25.28
S0022,2019-10-30,264.14,298.29,238.86,25.28
S0022,2019-10-31,396.16,463.16,370.88,25.28
S0036,2019-10-01,227.69,197.88,158.45,69.24
S0036,2019-10-02,154.66,106.67,85.42,69.24
S0036,2019-10-03,251.74,227.91,182.5,69.24
S0036,2019-10-04,180.0,138.32,110.76,69.24
S0036,2019-10-05,233.4,205.01,164.16,69.24
S0036,2019-10-06,259.59,237.71,190.35,69.24
S0036,2019-10-07,221.15,189.71,151.91,69.24
S0036,2019-10-08,319.54,312.58,250.3,69.24
S0036,2019-10-09,218.46,186.35,149.22,69.24
S0036,2019-10-10,215.06,182.1,145.82,69.24
S0036,2019-10-11,150.79,101.84,81.55,69.24
S0036,2019-10-12,488.14,523.13,418.9,69.24
S0036,2019-10-13,390.74,401.5,321.5,69.24
S0036,2019-10-14,308.74,299.09,239.5,69.24
S0036,2019-10-15,182.56,141.52,113.32,69.24
S0036,2019-10-16,214.89,181.89,145.65,69.24
S0036,2019-10-17,221.16,189.72,151.92,69.24
S0036,2019-10-18,204.48,168.89,135.24,69.24
S0036,2019-10-19,398.67,411.4,329.43,69.24
S0036,2019-10-20,169.16,124.78,99.92,69.24
S0036,2019-10-21,227.44,197.56,158.2,69.24
S0036,2019-10-22,341.81,340.39,272.57,69.24
S0036,2019-10-23,348.54,348.8,279.3,69.24
S0036,2019-10-24,238.63,211.54,169.39,69.24
S0036,2019-10-25,364.51,368.74,295.27,69.24
S0036,2019-10-26,599.37,662.04,530.13,69.24
S0036,2019-10-27,516.34,558.35,447.1,69.24
S0036,2019-10-28,500.81,538.95,431.57,69.24
S0036,2019-10-29,372.74,379.02,303.5,69.24
S0036,2019-10-30,243.8,217.99,174.56,69.24
S0036,2019-10-31,274.87,256.79,205.63,69.24
S0046,2019-10-01,211.69,199.26,159.56,52.13
S0046,2019-10-02,487.2,543.32,435.07,52.13
S0046,2019-10-03,431.2,473.39,379.07,52.13
S0046,2019-10-04,212.03,199.69,159.9,52.13
S0046,2019-10-05,461.86,511.68,409.73,52.13
S0046,2019-10-06,633.94,726.58,581.81,52.13
S0046,2019-10-07,266.0,267.09,213.87,52.13
S0046,2019-10-08,1066.9,1267.26,1014.77,52.13
S0046,2019-10-09,396.31,429.82,344.18,52.13
S0046,2019-10-10,304.6,315.29,252.47,52.13
S0046,2019-10-11,131.03,98.53,78.9,52.13
S0046,2019-10-12,1265.14,1514.83,1213.01,52.13
S0046,2019-10-13,324.83,340.55,272.7,52.13
S0046,2019-10-14,243.71,239.25,191.58,52.13
S0046,2019-10-15,305.46,316.36,253.33,52.13
S0046,2019-10-16,185.04,165.98,132.91,52.13
S0046,2019-10-17,160.99,135.95,108.86,52.13
S0046,2019-10-18,130.47,97.83,78.34,52.13
S0046,2019-10-19,217.73,206.8,165.6,52.13
S0046,2019-10-20,168.55,145.39,116.42,52.13
S0046,2019-10-21,154.36,127.67,102.23,52.13
S0046,2019-10-22,243.6,239.11,191.47,52.13
S0046,2019-10-23,146.34,117.65,94.21,52.13
S0046,2019-10-24,277.82,281.85,225.69,52.13
S0046,2019-10-25,120.79,85.74,68.66,52.13
S0046,2019-10-26,202.9,188.28,150.77,52.13
S0046,2019-10-27,280.78,285.54,228.65,52.13
S0046,2019-10-28,243.29,238.72,191.16,52.13
S0046,2019-10-29,177.17,156.15,125.04,52.13
S0046,2019-10-30,177.81,156.95,125.68,52.13
S0046,2019-10-31,104.08,64.88,51.95,52.13
S0092,2019-10-01,417.3,396.64,317.61,99.69
S0092,2019-10-02,381.76,352.25,282.07,99.69
S0092,2019-10-03,390.62,363.32,290.93,99.69
S0092,2019-10-04,212.95,141.44,113.26,99.69
S0092,2019-10-05,157.79,72.56,58.1,99.69
S0092,2019-10-06,219.53,149.66,119.84,99.69
S0092,2019-10-07,151.39,64.56,51.7,99.69
S0092,2019-10-08,355.27,319.17,255.58,99.69
S0092,2019-10-09,310.58,263.36,210.89,99.69
S0092,2019-10-10,199.9,125.14,100.21,99.69
S0092,2019-10-11,175.76,95.0,76.07,99.69
S0092,2019-10-12,510.78,513.38,411.09,99.69
S0092,2019-10-13,257.08,196.55,157.39,99.69
S0092,2019-10-14,209.62,137.28,109.93,99.69
S0092,2019-10-15,171.88,90.15,72.19,99.69
S0092,2019-10-16,239.72,174.87,140.03,99.69
S0092,2019-10-17,229.34,161.91,129.65,99.69
S0092,2019-10-18,144.44,55.88,44.75,99.69
S0092,2019-10-19,190.63,113.57,90.94,99.69
S0092,2019-10-20,186.32,108.19,86.63,99.69
S0092,2019-10-21,220.71,151.13,121.02,99.69
S0092,2019-10-22,275.18,219.16,175.49,99.69
S0092,2019-10-23,210.17,137.97,110.48,99.69
S0092,2019-10-24,215.81,145.01,116.12,99.69
S0092,2019-10-25,149.36,62.03,49.67,99.69
S0092,2019-10-26,283.72,229.82,184.03,99.69
S0092,2019-10-27,195.59,119.76,95.9,99.69
S0092,2019-10-28,204.78,131.24,105.09,99.69
S0092,2019-10-29,172.38,90.78,72.69,99.69
S0092,2019-10-30,168.3,85.68,68.61,99.69
S0092,2019-10-31,156.52,70.97,56.83,99.69
S0041,2019-10-01,53.31,71.99,57.65,-4.34
S0041,2019-10-02,8.38,15.88,12.72,-4.34
S0041,2019-10-03,17.43,27.19,21.77,-4.34
S0041,2019-10-04,32.88,46.48,37.22,-4.34
S0041,2019-10-05,33.02,46.66,37.36,-4.34
S0041,2019-10-06,23.36,34.59,27.7,-4.34
S0041,2019-10-07,14.18,23.13,18.52,-4.34
S0041,2019-10-08,26.72,38.79,31.06,-4.34
S0041,2019-10-09,8.68,16.26,13.02,-4.34
S0041,2019-10-10,6.66,13.74,11.0,-4.34
S0041,2019-10-11,6.21,13.18,10.55,-4.34
S0041,2019-10-12,13.28,22.0,17.62,-4.34
S0041,2019-10-13,14.96,24.1,19.3,-4.34
S0041,2019-10-14,6.92,14.06,11.26,-4.34
S0041,2019-10-15,2.89,9.03,7.23,-4.34
S0041,2019-10-16,31.03,44.17,35.37,-4.34
S0041,2019-10-17,29.32,42.04,33.66,-4.34
S0041,2019-10-18,14.65,23.72,18.99,-4.34
S0041,2019-10-19,51.9,70.23,56.24,-4.34
S0041,2019-10-20,13.64,22.45,17.98,-4.34
S0041,2019-10-21,9.05,16.72,13.39,-4.34
S0041,2019-10-22,8.95,16.6,13.29,-4.34
S0041,2019-10-23,12.55,21.09,16.89,-4.34
S0041,2019-10-24,27.5,39.76,31.84,-4.34
S0041,2019-10-25,13.81,22.67,18.15,-4.34
S0041,2019-10-26,33.37,47.09,37.71,-4.34
S0041,2019-10-27,25.18,36.87,29.52,-4.34
S0041,2019-10-28,31.78,45.11,36.12,-4.34
S0041,2019-10-29,39.59,54.86,43.93,-4.34
S0041,2019-10-30,18.35,28.34,22.69,-4.34
S0041,2019-10-31,9.83,17.7,14.17,-4.34
